

INSERT INTO `communities` (`id`, `name`) VALUES (49, 'accusamus');
INSERT INTO `communities` (`id`, `name`) VALUES (11, 'ad');
INSERT INTO `communities` (`id`, `name`) VALUES (76, 'alias');
INSERT INTO `communities` (`id`, `name`) VALUES (36, 'aliquam');
INSERT INTO `communities` (`id`, `name`) VALUES (48, 'aliquid');
INSERT INTO `communities` (`id`, `name`) VALUES (78, 'animi');
INSERT INTO `communities` (`id`, `name`) VALUES (51, 'asperiores');
INSERT INTO `communities` (`id`, `name`) VALUES (91, 'aspernatur');
INSERT INTO `communities` (`id`, `name`) VALUES (62, 'assumenda');
INSERT INTO `communities` (`id`, `name`) VALUES (46, 'at');
INSERT INTO `communities` (`id`, `name`) VALUES (13, 'aut');
INSERT INTO `communities` (`id`, `name`) VALUES (81, 'autem');
INSERT INTO `communities` (`id`, `name`) VALUES (29, 'beatae');
INSERT INTO `communities` (`id`, `name`) VALUES (45, 'blanditiis');
INSERT INTO `communities` (`id`, `name`) VALUES (31, 'corporis');
INSERT INTO `communities` (`id`, `name`) VALUES (92, 'corrupti');
INSERT INTO `communities` (`id`, `name`) VALUES (32, 'culpa');
INSERT INTO `communities` (`id`, `name`) VALUES (75, 'cupiditate');
INSERT INTO `communities` (`id`, `name`) VALUES (39, 'debitis');
INSERT INTO `communities` (`id`, `name`) VALUES (100, 'deleniti');
INSERT INTO `communities` (`id`, `name`) VALUES (59, 'deserunt');
INSERT INTO `communities` (`id`, `name`) VALUES (61, 'dignissimos');
INSERT INTO `communities` (`id`, `name`) VALUES (18, 'dolor');
INSERT INTO `communities` (`id`, `name`) VALUES (47, 'doloribus');
INSERT INTO `communities` (`id`, `name`) VALUES (70, 'ducimus');
INSERT INTO `communities` (`id`, `name`) VALUES (82, 'eaque');
INSERT INTO `communities` (`id`, `name`) VALUES (4, 'earum');
INSERT INTO `communities` (`id`, `name`) VALUES (66, 'enim');
INSERT INTO `communities` (`id`, `name`) VALUES (8, 'eos');
INSERT INTO `communities` (`id`, `name`) VALUES (80, 'est');
INSERT INTO `communities` (`id`, `name`) VALUES (37, 'et');
INSERT INTO `communities` (`id`, `name`) VALUES (85, 'eum');
INSERT INTO `communities` (`id`, `name`) VALUES (94, 'facilis');
INSERT INTO `communities` (`id`, `name`) VALUES (10, 'fugiat');
INSERT INTO `communities` (`id`, `name`) VALUES (43, 'harum');
INSERT INTO `communities` (`id`, `name`) VALUES (97, 'id');
INSERT INTO `communities` (`id`, `name`) VALUES (95, 'illum');
INSERT INTO `communities` (`id`, `name`) VALUES (53, 'impedit');
INSERT INTO `communities` (`id`, `name`) VALUES (24, 'in');
INSERT INTO `communities` (`id`, `name`) VALUES (96, 'inventore');
INSERT INTO `communities` (`id`, `name`) VALUES (67, 'ipsa');
INSERT INTO `communities` (`id`, `name`) VALUES (21, 'ipsam');
INSERT INTO `communities` (`id`, `name`) VALUES (86, 'ipsum');
INSERT INTO `communities` (`id`, `name`) VALUES (79, 'iste');
INSERT INTO `communities` (`id`, `name`) VALUES (7, 'itaque');
INSERT INTO `communities` (`id`, `name`) VALUES (64, 'iure');
INSERT INTO `communities` (`id`, `name`) VALUES (54, 'labore');
INSERT INTO `communities` (`id`, `name`) VALUES (65, 'laboriosam');
INSERT INTO `communities` (`id`, `name`) VALUES (93, 'laborum');
INSERT INTO `communities` (`id`, `name`) VALUES (6, 'magni');
INSERT INTO `communities` (`id`, `name`) VALUES (89, 'maiores');
INSERT INTO `communities` (`id`, `name`) VALUES (84, 'maxime');
INSERT INTO `communities` (`id`, `name`) VALUES (15, 'minima');
INSERT INTO `communities` (`id`, `name`) VALUES (58, 'minus');
INSERT INTO `communities` (`id`, `name`) VALUES (98, 'modi');
INSERT INTO `communities` (`id`, `name`) VALUES (83, 'molestiae');
INSERT INTO `communities` (`id`, `name`) VALUES (16, 'nam');
INSERT INTO `communities` (`id`, `name`) VALUES (35, 'natus');
INSERT INTO `communities` (`id`, `name`) VALUES (19, 'necessitatibus');
INSERT INTO `communities` (`id`, `name`) VALUES (14, 'neque');
INSERT INTO `communities` (`id`, `name`) VALUES (3, 'nesciunt');
INSERT INTO `communities` (`id`, `name`) VALUES (57, 'nihil');
INSERT INTO `communities` (`id`, `name`) VALUES (71, 'non');
INSERT INTO `communities` (`id`, `name`) VALUES (50, 'occaecati');
INSERT INTO `communities` (`id`, `name`) VALUES (60, 'odit');
INSERT INTO `communities` (`id`, `name`) VALUES (27, 'omnis');
INSERT INTO `communities` (`id`, `name`) VALUES (30, 'perferendis');
INSERT INTO `communities` (`id`, `name`) VALUES (28, 'perspiciatis');
INSERT INTO `communities` (`id`, `name`) VALUES (55, 'placeat');
INSERT INTO `communities` (`id`, `name`) VALUES (56, 'possimus');
INSERT INTO `communities` (`id`, `name`) VALUES (52, 'provident');
INSERT INTO `communities` (`id`, `name`) VALUES (22, 'quaerat');
INSERT INTO `communities` (`id`, `name`) VALUES (1, 'quam');
INSERT INTO `communities` (`id`, `name`) VALUES (63, 'quasi');
INSERT INTO `communities` (`id`, `name`) VALUES (9, 'qui');
INSERT INTO `communities` (`id`, `name`) VALUES (42, 'quia');
INSERT INTO `communities` (`id`, `name`) VALUES (68, 'quidem');
INSERT INTO `communities` (`id`, `name`) VALUES (17, 'quis');
INSERT INTO `communities` (`id`, `name`) VALUES (77, 'quo');
INSERT INTO `communities` (`id`, `name`) VALUES (25, 'quod');
INSERT INTO `communities` (`id`, `name`) VALUES (38, 'quos');
INSERT INTO `communities` (`id`, `name`) VALUES (23, 'ratione');
INSERT INTO `communities` (`id`, `name`) VALUES (41, 'repellat');
INSERT INTO `communities` (`id`, `name`) VALUES (87, 'repudiandae');
INSERT INTO `communities` (`id`, `name`) VALUES (72, 'rerum');
INSERT INTO `communities` (`id`, `name`) VALUES (33, 'sapiente');
INSERT INTO `communities` (`id`, `name`) VALUES (12, 'sed');
INSERT INTO `communities` (`id`, `name`) VALUES (40, 'sequi');
INSERT INTO `communities` (`id`, `name`) VALUES (74, 'sint');
INSERT INTO `communities` (`id`, `name`) VALUES (34, 'sit');
INSERT INTO `communities` (`id`, `name`) VALUES (5, 'sunt');
INSERT INTO `communities` (`id`, `name`) VALUES (69, 'temporibus');
INSERT INTO `communities` (`id`, `name`) VALUES (90, 'tenetur');
INSERT INTO `communities` (`id`, `name`) VALUES (73, 'ullam');
INSERT INTO `communities` (`id`, `name`) VALUES (99, 'unde');
INSERT INTO `communities` (`id`, `name`) VALUES (20, 'velit');
INSERT INTO `communities` (`id`, `name`) VALUES (44, 'veniam');
INSERT INTO `communities` (`id`, `name`) VALUES (2, 'voluptas');
INSERT INTO `communities` (`id`, `name`) VALUES (26, 'voluptatem');
INSERT INTO `communities` (`id`, `name`) VALUES (88, 'voluptates');



INSERT INTO `communities_users` (`community_id`, `user_id`) VALUES (1, 1);
INSERT INTO `communities_users` (`community_id`, `user_id`) VALUES (2, 2);
INSERT INTO `communities_users` (`community_id`, `user_id`) VALUES (3, 3);
INSERT INTO `communities_users` (`community_id`, `user_id`) VALUES (4, 4);
INSERT INTO `communities_users` (`community_id`, `user_id`) VALUES (5, 5);
INSERT INTO `communities_users` (`community_id`, `user_id`) VALUES (6, 6);
INSERT INTO `communities_users` (`community_id`, `user_id`) VALUES (7, 7);
INSERT INTO `communities_users` (`community_id`, `user_id`) VALUES (8, 8);
INSERT INTO `communities_users` (`community_id`, `user_id`) VALUES (9, 9);
INSERT INTO `communities_users` (`community_id`, `user_id`) VALUES (10, 10);
INSERT INTO `communities_users` (`community_id`, `user_id`) VALUES (11, 11);
INSERT INTO `communities_users` (`community_id`, `user_id`) VALUES (12, 12);
INSERT INTO `communities_users` (`community_id`, `user_id`) VALUES (13, 13);
INSERT INTO `communities_users` (`community_id`, `user_id`) VALUES (14, 14);
INSERT INTO `communities_users` (`community_id`, `user_id`) VALUES (15, 15);
INSERT INTO `communities_users` (`community_id`, `user_id`) VALUES (16, 16);
INSERT INTO `communities_users` (`community_id`, `user_id`) VALUES (17, 17);
INSERT INTO `communities_users` (`community_id`, `user_id`) VALUES (18, 18);
INSERT INTO `communities_users` (`community_id`, `user_id`) VALUES (19, 19);
INSERT INTO `communities_users` (`community_id`, `user_id`) VALUES (20, 20);
INSERT INTO `communities_users` (`community_id`, `user_id`) VALUES (21, 21);
INSERT INTO `communities_users` (`community_id`, `user_id`) VALUES (22, 22);
INSERT INTO `communities_users` (`community_id`, `user_id`) VALUES (23, 23);
INSERT INTO `communities_users` (`community_id`, `user_id`) VALUES (24, 24);
INSERT INTO `communities_users` (`community_id`, `user_id`) VALUES (25, 25);
INSERT INTO `communities_users` (`community_id`, `user_id`) VALUES (26, 26);
INSERT INTO `communities_users` (`community_id`, `user_id`) VALUES (27, 27);
INSERT INTO `communities_users` (`community_id`, `user_id`) VALUES (28, 28);
INSERT INTO `communities_users` (`community_id`, `user_id`) VALUES (29, 29);
INSERT INTO `communities_users` (`community_id`, `user_id`) VALUES (30, 30);
INSERT INTO `communities_users` (`community_id`, `user_id`) VALUES (31, 31);
INSERT INTO `communities_users` (`community_id`, `user_id`) VALUES (32, 32);
INSERT INTO `communities_users` (`community_id`, `user_id`) VALUES (33, 33);
INSERT INTO `communities_users` (`community_id`, `user_id`) VALUES (34, 34);
INSERT INTO `communities_users` (`community_id`, `user_id`) VALUES (35, 35);
INSERT INTO `communities_users` (`community_id`, `user_id`) VALUES (36, 36);
INSERT INTO `communities_users` (`community_id`, `user_id`) VALUES (37, 37);
INSERT INTO `communities_users` (`community_id`, `user_id`) VALUES (38, 38);
INSERT INTO `communities_users` (`community_id`, `user_id`) VALUES (39, 39);
INSERT INTO `communities_users` (`community_id`, `user_id`) VALUES (40, 40);
INSERT INTO `communities_users` (`community_id`, `user_id`) VALUES (41, 41);
INSERT INTO `communities_users` (`community_id`, `user_id`) VALUES (42, 42);
INSERT INTO `communities_users` (`community_id`, `user_id`) VALUES (43, 43);
INSERT INTO `communities_users` (`community_id`, `user_id`) VALUES (44, 44);
INSERT INTO `communities_users` (`community_id`, `user_id`) VALUES (45, 45);
INSERT INTO `communities_users` (`community_id`, `user_id`) VALUES (46, 46);
INSERT INTO `communities_users` (`community_id`, `user_id`) VALUES (47, 47);
INSERT INTO `communities_users` (`community_id`, `user_id`) VALUES (48, 48);
INSERT INTO `communities_users` (`community_id`, `user_id`) VALUES (49, 49);
INSERT INTO `communities_users` (`community_id`, `user_id`) VALUES (50, 50);
INSERT INTO `communities_users` (`community_id`, `user_id`) VALUES (51, 51);
INSERT INTO `communities_users` (`community_id`, `user_id`) VALUES (52, 52);
INSERT INTO `communities_users` (`community_id`, `user_id`) VALUES (53, 53);
INSERT INTO `communities_users` (`community_id`, `user_id`) VALUES (54, 54);
INSERT INTO `communities_users` (`community_id`, `user_id`) VALUES (55, 55);
INSERT INTO `communities_users` (`community_id`, `user_id`) VALUES (56, 56);
INSERT INTO `communities_users` (`community_id`, `user_id`) VALUES (57, 57);
INSERT INTO `communities_users` (`community_id`, `user_id`) VALUES (58, 58);
INSERT INTO `communities_users` (`community_id`, `user_id`) VALUES (59, 59);
INSERT INTO `communities_users` (`community_id`, `user_id`) VALUES (60, 60);
INSERT INTO `communities_users` (`community_id`, `user_id`) VALUES (61, 61);
INSERT INTO `communities_users` (`community_id`, `user_id`) VALUES (62, 62);
INSERT INTO `communities_users` (`community_id`, `user_id`) VALUES (63, 63);
INSERT INTO `communities_users` (`community_id`, `user_id`) VALUES (64, 64);
INSERT INTO `communities_users` (`community_id`, `user_id`) VALUES (65, 65);
INSERT INTO `communities_users` (`community_id`, `user_id`) VALUES (66, 66);
INSERT INTO `communities_users` (`community_id`, `user_id`) VALUES (67, 67);
INSERT INTO `communities_users` (`community_id`, `user_id`) VALUES (68, 68);
INSERT INTO `communities_users` (`community_id`, `user_id`) VALUES (69, 69);
INSERT INTO `communities_users` (`community_id`, `user_id`) VALUES (70, 70);
INSERT INTO `communities_users` (`community_id`, `user_id`) VALUES (71, 71);
INSERT INTO `communities_users` (`community_id`, `user_id`) VALUES (72, 72);
INSERT INTO `communities_users` (`community_id`, `user_id`) VALUES (73, 73);
INSERT INTO `communities_users` (`community_id`, `user_id`) VALUES (74, 74);
INSERT INTO `communities_users` (`community_id`, `user_id`) VALUES (75, 75);
INSERT INTO `communities_users` (`community_id`, `user_id`) VALUES (76, 76);
INSERT INTO `communities_users` (`community_id`, `user_id`) VALUES (77, 77);
INSERT INTO `communities_users` (`community_id`, `user_id`) VALUES (78, 78);
INSERT INTO `communities_users` (`community_id`, `user_id`) VALUES (79, 79);
INSERT INTO `communities_users` (`community_id`, `user_id`) VALUES (80, 80);
INSERT INTO `communities_users` (`community_id`, `user_id`) VALUES (81, 81);
INSERT INTO `communities_users` (`community_id`, `user_id`) VALUES (82, 82);
INSERT INTO `communities_users` (`community_id`, `user_id`) VALUES (83, 83);
INSERT INTO `communities_users` (`community_id`, `user_id`) VALUES (84, 84);
INSERT INTO `communities_users` (`community_id`, `user_id`) VALUES (85, 85);
INSERT INTO `communities_users` (`community_id`, `user_id`) VALUES (86, 86);
INSERT INTO `communities_users` (`community_id`, `user_id`) VALUES (87, 87);
INSERT INTO `communities_users` (`community_id`, `user_id`) VALUES (88, 88);
INSERT INTO `communities_users` (`community_id`, `user_id`) VALUES (89, 89);
INSERT INTO `communities_users` (`community_id`, `user_id`) VALUES (90, 90);
INSERT INTO `communities_users` (`community_id`, `user_id`) VALUES (91, 91);
INSERT INTO `communities_users` (`community_id`, `user_id`) VALUES (92, 92);
INSERT INTO `communities_users` (`community_id`, `user_id`) VALUES (93, 93);
INSERT INTO `communities_users` (`community_id`, `user_id`) VALUES (94, 94);
INSERT INTO `communities_users` (`community_id`, `user_id`) VALUES (95, 95);
INSERT INTO `communities_users` (`community_id`, `user_id`) VALUES (96, 96);
INSERT INTO `communities_users` (`community_id`, `user_id`) VALUES (97, 97);
INSERT INTO `communities_users` (`community_id`, `user_id`) VALUES (98, 98);
INSERT INTO `communities_users` (`community_id`, `user_id`) VALUES (99, 99);
INSERT INTO `communities_users` (`community_id`, `user_id`) VALUES (100, 100);



INSERT INTO `friendship` (`user_id`, `friend_id`, `status`, `requested_at`, `confirmed_at`) VALUES (1, 6, ' 1', '2002-12-16 15:07:19', '2011-03-31 08:09:50');
INSERT INTO `friendship` (`user_id`, `friend_id`, `status`, `requested_at`, `confirmed_at`) VALUES (2, 2, '0', '2015-12-07 16:28:42', '1972-01-23 18:56:47');
INSERT INTO `friendship` (`user_id`, `friend_id`, `status`, `requested_at`, `confirmed_at`) VALUES (3, 0, ' 1', '1985-06-26 08:17:53', '1982-02-02 05:23:34');
INSERT INTO `friendship` (`user_id`, `friend_id`, `status`, `requested_at`, `confirmed_at`) VALUES (4, 5, ' 1', '2001-03-11 18:38:48', '2005-12-13 12:59:08');
INSERT INTO `friendship` (`user_id`, `friend_id`, `status`, `requested_at`, `confirmed_at`) VALUES (5, 6, ' 1', '1980-06-19 02:31:27', '2002-07-18 16:17:55');
INSERT INTO `friendship` (`user_id`, `friend_id`, `status`, `requested_at`, `confirmed_at`) VALUES (6, 9, ' 1', '2018-03-26 18:28:49', '2017-12-11 13:33:34');
INSERT INTO `friendship` (`user_id`, `friend_id`, `status`, `requested_at`, `confirmed_at`) VALUES (7, 3, ' 1', '1993-10-03 00:52:38', '2017-11-30 11:30:50');
INSERT INTO `friendship` (`user_id`, `friend_id`, `status`, `requested_at`, `confirmed_at`) VALUES (8, 8, ' 2', '1970-02-04 14:31:33', '1992-10-21 18:08:07');
INSERT INTO `friendship` (`user_id`, `friend_id`, `status`, `requested_at`, `confirmed_at`) VALUES (9, 0, '0', '1990-10-29 19:13:12', '2016-06-24 19:03:17');
INSERT INTO `friendship` (`user_id`, `friend_id`, `status`, `requested_at`, `confirmed_at`) VALUES (10, 8, '0', '1975-10-20 09:55:55', '1981-03-09 13:14:10');
INSERT INTO `friendship` (`user_id`, `friend_id`, `status`, `requested_at`, `confirmed_at`) VALUES (11, 1, ' 2', '2003-10-22 10:18:23', '2005-01-24 12:58:59');
INSERT INTO `friendship` (`user_id`, `friend_id`, `status`, `requested_at`, `confirmed_at`) VALUES (12, 6, ' 2', '2009-05-21 11:45:03', '1971-01-04 06:03:35');
INSERT INTO `friendship` (`user_id`, `friend_id`, `status`, `requested_at`, `confirmed_at`) VALUES (13, 9, ' 2', '2007-05-24 13:17:06', '1970-10-22 14:00:03');
INSERT INTO `friendship` (`user_id`, `friend_id`, `status`, `requested_at`, `confirmed_at`) VALUES (14, 3, ' 1', '2010-11-11 00:41:40', '1991-07-07 15:06:40');
INSERT INTO `friendship` (`user_id`, `friend_id`, `status`, `requested_at`, `confirmed_at`) VALUES (15, 6, '0', '2002-05-01 03:01:15', '1981-05-15 04:09:03');
INSERT INTO `friendship` (`user_id`, `friend_id`, `status`, `requested_at`, `confirmed_at`) VALUES (16, 8, ' 1', '1974-09-12 19:41:11', '1985-08-11 22:32:13');
INSERT INTO `friendship` (`user_id`, `friend_id`, `status`, `requested_at`, `confirmed_at`) VALUES (17, 3, ' 2', '1997-02-12 03:41:45', '2008-10-24 15:42:58');
INSERT INTO `friendship` (`user_id`, `friend_id`, `status`, `requested_at`, `confirmed_at`) VALUES (18, 7, ' 1', '2017-05-13 18:50:14', '1971-02-24 10:59:32');
INSERT INTO `friendship` (`user_id`, `friend_id`, `status`, `requested_at`, `confirmed_at`) VALUES (19, 0, ' 1', '2005-07-13 21:41:48', '1971-08-12 09:57:58');
INSERT INTO `friendship` (`user_id`, `friend_id`, `status`, `requested_at`, `confirmed_at`) VALUES (20, 5, ' 2', '2014-12-02 04:33:57', '1990-08-10 06:25:59');
INSERT INTO `friendship` (`user_id`, `friend_id`, `status`, `requested_at`, `confirmed_at`) VALUES (21, 2, '0', '2011-02-08 05:34:16', '1974-05-15 21:05:29');
INSERT INTO `friendship` (`user_id`, `friend_id`, `status`, `requested_at`, `confirmed_at`) VALUES (22, 3, ' 1', '2012-10-02 10:35:50', '1981-01-19 09:21:46');
INSERT INTO `friendship` (`user_id`, `friend_id`, `status`, `requested_at`, `confirmed_at`) VALUES (23, 5, '0', '2014-06-07 09:07:43', '1978-12-04 22:39:11');
INSERT INTO `friendship` (`user_id`, `friend_id`, `status`, `requested_at`, `confirmed_at`) VALUES (24, 3, '0', '2009-12-08 15:03:54', '2013-04-25 14:16:46');
INSERT INTO `friendship` (`user_id`, `friend_id`, `status`, `requested_at`, `confirmed_at`) VALUES (25, 9, ' 1', '2016-03-12 18:10:32', '2013-01-21 21:31:51');
INSERT INTO `friendship` (`user_id`, `friend_id`, `status`, `requested_at`, `confirmed_at`) VALUES (26, 0, ' 2', '2014-08-30 17:57:03', '1984-01-23 00:52:43');
INSERT INTO `friendship` (`user_id`, `friend_id`, `status`, `requested_at`, `confirmed_at`) VALUES (27, 1, ' 2', '2004-02-07 04:15:16', '2007-03-25 06:39:05');
INSERT INTO `friendship` (`user_id`, `friend_id`, `status`, `requested_at`, `confirmed_at`) VALUES (28, 7, ' 2', '2005-11-05 09:50:29', '2016-07-12 05:50:56');
INSERT INTO `friendship` (`user_id`, `friend_id`, `status`, `requested_at`, `confirmed_at`) VALUES (29, 2, ' 2', '1998-07-21 17:03:21', '1985-09-05 09:21:15');
INSERT INTO `friendship` (`user_id`, `friend_id`, `status`, `requested_at`, `confirmed_at`) VALUES (30, 8, ' 2', '1991-12-20 08:25:04', '1991-05-08 09:12:20');
INSERT INTO `friendship` (`user_id`, `friend_id`, `status`, `requested_at`, `confirmed_at`) VALUES (31, 9, '0', '1977-08-29 12:34:50', '2009-04-01 10:42:39');
INSERT INTO `friendship` (`user_id`, `friend_id`, `status`, `requested_at`, `confirmed_at`) VALUES (32, 9, '0', '2001-11-17 09:24:52', '1989-02-22 15:28:58');
INSERT INTO `friendship` (`user_id`, `friend_id`, `status`, `requested_at`, `confirmed_at`) VALUES (33, 0, '0', '1981-07-18 20:38:36', '2010-08-25 21:26:05');
INSERT INTO `friendship` (`user_id`, `friend_id`, `status`, `requested_at`, `confirmed_at`) VALUES (34, 5, ' 2', '2004-02-07 09:41:15', '1981-04-02 15:28:34');
INSERT INTO `friendship` (`user_id`, `friend_id`, `status`, `requested_at`, `confirmed_at`) VALUES (35, 3, ' 2', '1973-04-03 07:18:05', '1989-04-22 03:19:59');
INSERT INTO `friendship` (`user_id`, `friend_id`, `status`, `requested_at`, `confirmed_at`) VALUES (36, 8, '0', '1996-11-08 23:34:23', '1991-02-06 01:40:41');
INSERT INTO `friendship` (`user_id`, `friend_id`, `status`, `requested_at`, `confirmed_at`) VALUES (37, 3, '0', '2012-11-08 23:19:22', '2017-09-02 06:37:18');
INSERT INTO `friendship` (`user_id`, `friend_id`, `status`, `requested_at`, `confirmed_at`) VALUES (38, 4, ' 1', '1997-09-01 23:24:26', '1973-06-01 19:18:35');
INSERT INTO `friendship` (`user_id`, `friend_id`, `status`, `requested_at`, `confirmed_at`) VALUES (39, 6, ' 1', '2018-02-11 15:36:54', '2000-02-06 14:15:27');
INSERT INTO `friendship` (`user_id`, `friend_id`, `status`, `requested_at`, `confirmed_at`) VALUES (40, 8, ' 2', '2013-08-29 17:46:58', '1987-06-07 09:05:31');
INSERT INTO `friendship` (`user_id`, `friend_id`, `status`, `requested_at`, `confirmed_at`) VALUES (41, 5, ' 2', '1975-12-23 00:21:35', '2018-10-06 12:10:48');
INSERT INTO `friendship` (`user_id`, `friend_id`, `status`, `requested_at`, `confirmed_at`) VALUES (42, 3, ' 1', '1983-01-26 09:54:03', '2005-03-22 04:46:17');
INSERT INTO `friendship` (`user_id`, `friend_id`, `status`, `requested_at`, `confirmed_at`) VALUES (43, 0, ' 2', '2018-02-20 06:44:44', '1987-11-21 22:07:08');
INSERT INTO `friendship` (`user_id`, `friend_id`, `status`, `requested_at`, `confirmed_at`) VALUES (44, 9, ' 1', '1987-11-01 12:13:56', '1975-03-31 21:31:21');
INSERT INTO `friendship` (`user_id`, `friend_id`, `status`, `requested_at`, `confirmed_at`) VALUES (45, 3, '0', '2014-03-27 04:03:05', '1993-01-16 08:31:08');
INSERT INTO `friendship` (`user_id`, `friend_id`, `status`, `requested_at`, `confirmed_at`) VALUES (46, 7, ' 2', '1987-01-22 03:29:43', '1975-07-11 10:55:38');
INSERT INTO `friendship` (`user_id`, `friend_id`, `status`, `requested_at`, `confirmed_at`) VALUES (47, 1, ' 2', '1992-09-22 03:44:44', '1970-03-27 20:25:48');
INSERT INTO `friendship` (`user_id`, `friend_id`, `status`, `requested_at`, `confirmed_at`) VALUES (48, 5, '0', '2015-09-08 02:25:08', '2003-03-02 21:04:56');
INSERT INTO `friendship` (`user_id`, `friend_id`, `status`, `requested_at`, `confirmed_at`) VALUES (49, 6, ' 1', '1986-04-21 10:44:29', '2015-04-27 16:54:45');
INSERT INTO `friendship` (`user_id`, `friend_id`, `status`, `requested_at`, `confirmed_at`) VALUES (50, 3, '0', '2016-12-03 06:29:08', '1970-05-16 16:59:22');
INSERT INTO `friendship` (`user_id`, `friend_id`, `status`, `requested_at`, `confirmed_at`) VALUES (51, 0, '0', '1971-12-14 00:11:52', '2005-12-12 14:01:04');
INSERT INTO `friendship` (`user_id`, `friend_id`, `status`, `requested_at`, `confirmed_at`) VALUES (52, 5, ' 2', '1985-01-03 11:15:56', '2012-10-30 00:27:03');
INSERT INTO `friendship` (`user_id`, `friend_id`, `status`, `requested_at`, `confirmed_at`) VALUES (53, 5, '0', '1997-03-11 23:25:40', '1999-04-01 13:36:01');
INSERT INTO `friendship` (`user_id`, `friend_id`, `status`, `requested_at`, `confirmed_at`) VALUES (54, 0, ' 1', '1986-12-30 06:14:35', '1999-06-20 02:17:50');
INSERT INTO `friendship` (`user_id`, `friend_id`, `status`, `requested_at`, `confirmed_at`) VALUES (55, 8, '0', '1976-05-15 03:21:05', '1988-04-06 16:47:46');
INSERT INTO `friendship` (`user_id`, `friend_id`, `status`, `requested_at`, `confirmed_at`) VALUES (56, 2, ' 2', '2019-03-23 00:18:47', '2018-08-03 11:57:50');
INSERT INTO `friendship` (`user_id`, `friend_id`, `status`, `requested_at`, `confirmed_at`) VALUES (57, 4, '0', '1979-01-06 06:14:46', '1986-04-25 14:35:02');
INSERT INTO `friendship` (`user_id`, `friend_id`, `status`, `requested_at`, `confirmed_at`) VALUES (58, 3, ' 2', '1985-05-12 12:05:46', '1986-10-11 02:50:38');
INSERT INTO `friendship` (`user_id`, `friend_id`, `status`, `requested_at`, `confirmed_at`) VALUES (59, 9, ' 1', '2016-03-24 17:43:43', '2001-07-28 06:20:47');
INSERT INTO `friendship` (`user_id`, `friend_id`, `status`, `requested_at`, `confirmed_at`) VALUES (60, 8, ' 1', '1992-03-06 07:37:42', '1990-02-13 09:14:07');
INSERT INTO `friendship` (`user_id`, `friend_id`, `status`, `requested_at`, `confirmed_at`) VALUES (61, 5, '0', '2009-12-03 15:21:12', '2018-07-04 22:10:50');
INSERT INTO `friendship` (`user_id`, `friend_id`, `status`, `requested_at`, `confirmed_at`) VALUES (62, 0, ' 1', '1974-05-01 19:38:04', '2000-04-23 14:18:27');
INSERT INTO `friendship` (`user_id`, `friend_id`, `status`, `requested_at`, `confirmed_at`) VALUES (63, 6, ' 1', '2006-09-21 14:01:52', '2005-05-03 19:00:42');
INSERT INTO `friendship` (`user_id`, `friend_id`, `status`, `requested_at`, `confirmed_at`) VALUES (64, 8, ' 1', '2014-01-20 14:43:48', '1995-05-24 00:24:57');
INSERT INTO `friendship` (`user_id`, `friend_id`, `status`, `requested_at`, `confirmed_at`) VALUES (65, 3, '0', '1978-04-14 19:58:34', '1993-02-11 04:50:58');
INSERT INTO `friendship` (`user_id`, `friend_id`, `status`, `requested_at`, `confirmed_at`) VALUES (66, 2, ' 1', '2008-01-18 20:51:13', '1990-07-04 11:40:19');
INSERT INTO `friendship` (`user_id`, `friend_id`, `status`, `requested_at`, `confirmed_at`) VALUES (67, 6, ' 1', '2006-04-11 19:20:37', '2014-04-03 10:54:09');
INSERT INTO `friendship` (`user_id`, `friend_id`, `status`, `requested_at`, `confirmed_at`) VALUES (68, 1, ' 2', '1970-05-20 09:44:08', '1978-11-15 11:23:28');
INSERT INTO `friendship` (`user_id`, `friend_id`, `status`, `requested_at`, `confirmed_at`) VALUES (69, 0, ' 2', '2015-09-11 07:46:03', '1986-10-14 23:39:05');
INSERT INTO `friendship` (`user_id`, `friend_id`, `status`, `requested_at`, `confirmed_at`) VALUES (70, 7, ' 2', '1999-03-22 04:37:12', '1974-10-18 07:00:33');
INSERT INTO `friendship` (`user_id`, `friend_id`, `status`, `requested_at`, `confirmed_at`) VALUES (71, 0, ' 2', '1970-08-29 01:16:59', '1998-04-14 18:40:35');
INSERT INTO `friendship` (`user_id`, `friend_id`, `status`, `requested_at`, `confirmed_at`) VALUES (72, 4, ' 1', '1972-07-16 19:34:30', '2000-02-18 10:28:15');
INSERT INTO `friendship` (`user_id`, `friend_id`, `status`, `requested_at`, `confirmed_at`) VALUES (73, 0, ' 1', '1990-03-17 02:57:55', '1989-11-06 22:48:39');
INSERT INTO `friendship` (`user_id`, `friend_id`, `status`, `requested_at`, `confirmed_at`) VALUES (74, 4, '0', '1994-02-02 21:09:44', '2018-08-01 09:00:18');
INSERT INTO `friendship` (`user_id`, `friend_id`, `status`, `requested_at`, `confirmed_at`) VALUES (75, 8, ' 1', '2018-03-24 02:46:44', '1996-10-22 05:14:52');
INSERT INTO `friendship` (`user_id`, `friend_id`, `status`, `requested_at`, `confirmed_at`) VALUES (76, 5, '0', '2014-11-20 11:06:54', '2005-12-08 18:56:14');
INSERT INTO `friendship` (`user_id`, `friend_id`, `status`, `requested_at`, `confirmed_at`) VALUES (77, 5, ' 1', '2001-08-28 13:11:53', '2016-06-25 14:31:57');
INSERT INTO `friendship` (`user_id`, `friend_id`, `status`, `requested_at`, `confirmed_at`) VALUES (78, 9, '0', '2016-03-17 15:21:12', '2000-07-06 11:59:38');
INSERT INTO `friendship` (`user_id`, `friend_id`, `status`, `requested_at`, `confirmed_at`) VALUES (79, 8, '0', '2010-12-06 06:06:39', '1991-08-10 11:59:07');
INSERT INTO `friendship` (`user_id`, `friend_id`, `status`, `requested_at`, `confirmed_at`) VALUES (80, 8, ' 1', '1986-08-29 15:29:14', '1976-03-29 00:11:46');
INSERT INTO `friendship` (`user_id`, `friend_id`, `status`, `requested_at`, `confirmed_at`) VALUES (81, 8, '0', '1972-12-25 09:11:17', '1984-09-08 01:51:49');
INSERT INTO `friendship` (`user_id`, `friend_id`, `status`, `requested_at`, `confirmed_at`) VALUES (82, 9, ' 1', '2014-04-01 22:08:51', '1979-05-26 11:41:09');
INSERT INTO `friendship` (`user_id`, `friend_id`, `status`, `requested_at`, `confirmed_at`) VALUES (83, 1, '0', '2001-06-15 07:53:42', '1974-08-12 18:32:11');
INSERT INTO `friendship` (`user_id`, `friend_id`, `status`, `requested_at`, `confirmed_at`) VALUES (84, 4, '0', '2015-10-19 21:22:14', '2000-03-11 09:04:31');
INSERT INTO `friendship` (`user_id`, `friend_id`, `status`, `requested_at`, `confirmed_at`) VALUES (85, 1, ' 2', '1983-09-16 23:13:13', '2011-12-07 04:47:03');
INSERT INTO `friendship` (`user_id`, `friend_id`, `status`, `requested_at`, `confirmed_at`) VALUES (86, 8, '0', '1999-12-01 16:36:04', '2007-03-21 09:50:21');
INSERT INTO `friendship` (`user_id`, `friend_id`, `status`, `requested_at`, `confirmed_at`) VALUES (87, 4, ' 1', '1980-06-29 23:42:45', '1983-12-05 04:41:14');
INSERT INTO `friendship` (`user_id`, `friend_id`, `status`, `requested_at`, `confirmed_at`) VALUES (88, 9, ' 1', '1988-04-13 11:52:24', '2010-05-08 16:39:48');
INSERT INTO `friendship` (`user_id`, `friend_id`, `status`, `requested_at`, `confirmed_at`) VALUES (89, 2, ' 1', '1980-02-11 15:02:22', '2013-05-09 14:19:18');
INSERT INTO `friendship` (`user_id`, `friend_id`, `status`, `requested_at`, `confirmed_at`) VALUES (90, 3, ' 2', '1977-03-10 14:33:57', '1992-08-23 14:52:26');
INSERT INTO `friendship` (`user_id`, `friend_id`, `status`, `requested_at`, `confirmed_at`) VALUES (91, 9, '0', '1980-05-24 06:03:30', '2008-06-28 11:02:02');
INSERT INTO `friendship` (`user_id`, `friend_id`, `status`, `requested_at`, `confirmed_at`) VALUES (92, 8, ' 2', '1978-02-20 09:30:48', '2011-10-25 22:52:36');
INSERT INTO `friendship` (`user_id`, `friend_id`, `status`, `requested_at`, `confirmed_at`) VALUES (93, 3, '0', '2011-01-24 04:35:35', '1973-04-30 09:30:18');
INSERT INTO `friendship` (`user_id`, `friend_id`, `status`, `requested_at`, `confirmed_at`) VALUES (94, 2, '0', '1979-12-18 04:03:48', '1985-06-03 22:20:22');
INSERT INTO `friendship` (`user_id`, `friend_id`, `status`, `requested_at`, `confirmed_at`) VALUES (95, 2, ' 1', '2012-08-19 23:11:32', '1999-01-28 15:10:01');
INSERT INTO `friendship` (`user_id`, `friend_id`, `status`, `requested_at`, `confirmed_at`) VALUES (96, 2, ' 1', '1996-04-09 18:00:48', '1997-10-23 05:20:44');
INSERT INTO `friendship` (`user_id`, `friend_id`, `status`, `requested_at`, `confirmed_at`) VALUES (97, 2, ' 1', '2014-01-29 01:00:18', '1977-09-14 19:28:05');
INSERT INTO `friendship` (`user_id`, `friend_id`, `status`, `requested_at`, `confirmed_at`) VALUES (98, 2, ' 2', '1990-12-04 00:15:18', '2014-07-27 07:54:05');
INSERT INTO `friendship` (`user_id`, `friend_id`, `status`, `requested_at`, `confirmed_at`) VALUES (99, 9, ' 2', '2003-03-03 02:33:48', '2014-06-09 03:50:23');
INSERT INTO `friendship` (`user_id`, `friend_id`, `status`, `requested_at`, `confirmed_at`) VALUES (100, 9, '0', '2017-07-15 04:37:45', '1991-04-17 09:51:27');



INSERT INTO `likes` (`id`, `likes_type_id`, `user_id`, `metadata`, `created_at`, `updated_at`) VALUES (1, 1, 1, 'http://lorempixel.com/640/480/', '1970-02-06 09:48:38', '1979-11-29 14:16:39');
INSERT INTO `likes` (`id`, `likes_type_id`, `user_id`, `metadata`, `created_at`, `updated_at`) VALUES (2, 2, 2, 'http://lorempixel.com/640/480/', '2010-05-27 23:57:04', '1984-11-11 18:11:48');
INSERT INTO `likes` (`id`, `likes_type_id`, `user_id`, `metadata`, `created_at`, `updated_at`) VALUES (3, 3, 3, 'http://lorempixel.com/640/480/', '1975-07-04 03:24:34', '2016-03-22 15:29:18');
INSERT INTO `likes` (`id`, `likes_type_id`, `user_id`, `metadata`, `created_at`, `updated_at`) VALUES (4, 4, 4, 'http://lorempixel.com/640/480/', '1997-11-25 22:22:20', '1990-11-09 00:04:06');
INSERT INTO `likes` (`id`, `likes_type_id`, `user_id`, `metadata`, `created_at`, `updated_at`) VALUES (5, 5, 5, 'http://lorempixel.com/640/480/', '1995-02-14 19:36:06', '2005-02-09 22:33:55');
INSERT INTO `likes` (`id`, `likes_type_id`, `user_id`, `metadata`, `created_at`, `updated_at`) VALUES (6, 1, 6, 'http://lorempixel.com/640/480/', '2003-10-28 23:53:21', '1996-11-04 00:50:35');
INSERT INTO `likes` (`id`, `likes_type_id`, `user_id`, `metadata`, `created_at`, `updated_at`) VALUES (7, 2, 7, 'http://lorempixel.com/640/480/', '1986-06-10 11:49:36', '1992-05-12 06:09:39');
INSERT INTO `likes` (`id`, `likes_type_id`, `user_id`, `metadata`, `created_at`, `updated_at`) VALUES (8, 3, 8, 'http://lorempixel.com/640/480/', '1972-09-28 07:57:00', '1997-12-20 20:24:21');
INSERT INTO `likes` (`id`, `likes_type_id`, `user_id`, `metadata`, `created_at`, `updated_at`) VALUES (9, 4, 9, 'http://lorempixel.com/640/480/', '1982-07-16 08:33:45', '1982-09-12 22:57:36');
INSERT INTO `likes` (`id`, `likes_type_id`, `user_id`, `metadata`, `created_at`, `updated_at`) VALUES (10, 5, 10, 'http://lorempixel.com/640/480/', '1985-06-07 05:57:52', '2013-03-05 10:38:28');
INSERT INTO `likes` (`id`, `likes_type_id`, `user_id`, `metadata`, `created_at`, `updated_at`) VALUES (11, 1, 11, 'http://lorempixel.com/640/480/', '2010-05-29 12:39:25', '2009-02-21 16:02:14');
INSERT INTO `likes` (`id`, `likes_type_id`, `user_id`, `metadata`, `created_at`, `updated_at`) VALUES (12, 2, 12, 'http://lorempixel.com/640/480/', '2000-03-08 06:51:21', '1984-08-30 06:20:05');
INSERT INTO `likes` (`id`, `likes_type_id`, `user_id`, `metadata`, `created_at`, `updated_at`) VALUES (13, 3, 13, 'http://lorempixel.com/640/480/', '2013-11-10 04:51:59', '2007-11-18 04:15:44');
INSERT INTO `likes` (`id`, `likes_type_id`, `user_id`, `metadata`, `created_at`, `updated_at`) VALUES (14, 4, 14, 'http://lorempixel.com/640/480/', '2019-03-24 04:54:47', '1990-07-23 19:09:00');
INSERT INTO `likes` (`id`, `likes_type_id`, `user_id`, `metadata`, `created_at`, `updated_at`) VALUES (15, 5, 15, 'http://lorempixel.com/640/480/', '1981-05-02 14:58:51', '2009-01-17 09:48:28');
INSERT INTO `likes` (`id`, `likes_type_id`, `user_id`, `metadata`, `created_at`, `updated_at`) VALUES (16, 1, 16, 'http://lorempixel.com/640/480/', '2014-11-29 13:11:18', '2003-01-31 09:01:38');
INSERT INTO `likes` (`id`, `likes_type_id`, `user_id`, `metadata`, `created_at`, `updated_at`) VALUES (17, 2, 17, 'http://lorempixel.com/640/480/', '1998-12-27 00:55:55', '1984-08-30 00:02:55');
INSERT INTO `likes` (`id`, `likes_type_id`, `user_id`, `metadata`, `created_at`, `updated_at`) VALUES (18, 3, 18, 'http://lorempixel.com/640/480/', '1998-01-28 21:49:05', '2000-09-19 16:22:08');
INSERT INTO `likes` (`id`, `likes_type_id`, `user_id`, `metadata`, `created_at`, `updated_at`) VALUES (19, 4, 19, 'http://lorempixel.com/640/480/', '2006-09-10 15:40:49', '1975-04-02 08:34:39');
INSERT INTO `likes` (`id`, `likes_type_id`, `user_id`, `metadata`, `created_at`, `updated_at`) VALUES (20, 5, 20, 'http://lorempixel.com/640/480/', '2009-10-10 17:06:28', '2009-11-27 16:52:33');
INSERT INTO `likes` (`id`, `likes_type_id`, `user_id`, `metadata`, `created_at`, `updated_at`) VALUES (21, 1, 21, 'http://lorempixel.com/640/480/', '1979-01-12 21:12:23', '1975-01-21 07:50:06');
INSERT INTO `likes` (`id`, `likes_type_id`, `user_id`, `metadata`, `created_at`, `updated_at`) VALUES (22, 2, 22, 'http://lorempixel.com/640/480/', '1992-05-14 05:58:23', '1992-07-31 22:43:16');
INSERT INTO `likes` (`id`, `likes_type_id`, `user_id`, `metadata`, `created_at`, `updated_at`) VALUES (23, 3, 23, 'http://lorempixel.com/640/480/', '1985-09-16 15:18:53', '2018-03-26 19:54:40');
INSERT INTO `likes` (`id`, `likes_type_id`, `user_id`, `metadata`, `created_at`, `updated_at`) VALUES (24, 4, 24, 'http://lorempixel.com/640/480/', '2012-01-26 05:41:53', '2000-08-30 14:26:23');
INSERT INTO `likes` (`id`, `likes_type_id`, `user_id`, `metadata`, `created_at`, `updated_at`) VALUES (25, 5, 25, 'http://lorempixel.com/640/480/', '1971-04-04 14:37:34', '1973-05-09 05:40:02');
INSERT INTO `likes` (`id`, `likes_type_id`, `user_id`, `metadata`, `created_at`, `updated_at`) VALUES (26, 1, 26, 'http://lorempixel.com/640/480/', '2009-02-16 15:01:04', '2002-01-04 07:01:36');
INSERT INTO `likes` (`id`, `likes_type_id`, `user_id`, `metadata`, `created_at`, `updated_at`) VALUES (27, 2, 27, 'http://lorempixel.com/640/480/', '2009-08-19 07:06:57', '1986-03-17 17:32:23');
INSERT INTO `likes` (`id`, `likes_type_id`, `user_id`, `metadata`, `created_at`, `updated_at`) VALUES (28, 3, 28, 'http://lorempixel.com/640/480/', '2006-06-01 09:43:19', '1977-08-22 03:05:56');
INSERT INTO `likes` (`id`, `likes_type_id`, `user_id`, `metadata`, `created_at`, `updated_at`) VALUES (29, 4, 29, 'http://lorempixel.com/640/480/', '1972-09-07 22:39:37', '2005-04-21 04:17:18');
INSERT INTO `likes` (`id`, `likes_type_id`, `user_id`, `metadata`, `created_at`, `updated_at`) VALUES (30, 5, 30, 'http://lorempixel.com/640/480/', '2001-07-24 09:12:54', '1989-03-03 21:31:47');
INSERT INTO `likes` (`id`, `likes_type_id`, `user_id`, `metadata`, `created_at`, `updated_at`) VALUES (31, 1, 31, 'http://lorempixel.com/640/480/', '2012-12-25 13:58:47', '1972-10-24 19:42:47');
INSERT INTO `likes` (`id`, `likes_type_id`, `user_id`, `metadata`, `created_at`, `updated_at`) VALUES (32, 2, 32, 'http://lorempixel.com/640/480/', '1987-10-12 10:32:38', '1998-06-21 06:14:56');
INSERT INTO `likes` (`id`, `likes_type_id`, `user_id`, `metadata`, `created_at`, `updated_at`) VALUES (33, 3, 33, 'http://lorempixel.com/640/480/', '1970-06-26 16:23:53', '1998-09-04 04:16:58');
INSERT INTO `likes` (`id`, `likes_type_id`, `user_id`, `metadata`, `created_at`, `updated_at`) VALUES (34, 4, 34, 'http://lorempixel.com/640/480/', '1996-06-29 00:05:34', '1991-08-11 08:33:10');
INSERT INTO `likes` (`id`, `likes_type_id`, `user_id`, `metadata`, `created_at`, `updated_at`) VALUES (35, 5, 35, 'http://lorempixel.com/640/480/', '2003-02-04 15:53:28', '1978-08-15 02:10:36');
INSERT INTO `likes` (`id`, `likes_type_id`, `user_id`, `metadata`, `created_at`, `updated_at`) VALUES (36, 1, 36, 'http://lorempixel.com/640/480/', '1985-07-01 05:03:08', '1972-12-17 20:45:17');
INSERT INTO `likes` (`id`, `likes_type_id`, `user_id`, `metadata`, `created_at`, `updated_at`) VALUES (37, 2, 37, 'http://lorempixel.com/640/480/', '1990-05-07 20:45:14', '1985-05-08 19:50:49');
INSERT INTO `likes` (`id`, `likes_type_id`, `user_id`, `metadata`, `created_at`, `updated_at`) VALUES (38, 3, 38, 'http://lorempixel.com/640/480/', '1978-03-29 09:22:50', '2003-01-10 20:29:29');
INSERT INTO `likes` (`id`, `likes_type_id`, `user_id`, `metadata`, `created_at`, `updated_at`) VALUES (39, 4, 39, 'http://lorempixel.com/640/480/', '1993-04-24 08:45:08', '2008-03-02 02:05:25');
INSERT INTO `likes` (`id`, `likes_type_id`, `user_id`, `metadata`, `created_at`, `updated_at`) VALUES (40, 5, 40, 'http://lorempixel.com/640/480/', '2015-03-06 01:32:24', '1989-05-21 19:30:05');
INSERT INTO `likes` (`id`, `likes_type_id`, `user_id`, `metadata`, `created_at`, `updated_at`) VALUES (41, 1, 41, 'http://lorempixel.com/640/480/', '1997-03-26 13:25:01', '2003-08-04 13:59:49');
INSERT INTO `likes` (`id`, `likes_type_id`, `user_id`, `metadata`, `created_at`, `updated_at`) VALUES (42, 2, 42, 'http://lorempixel.com/640/480/', '2000-02-08 19:49:24', '1984-12-02 23:57:56');
INSERT INTO `likes` (`id`, `likes_type_id`, `user_id`, `metadata`, `created_at`, `updated_at`) VALUES (43, 3, 43, 'http://lorempixel.com/640/480/', '1996-11-19 23:09:35', '1981-12-26 12:09:13');
INSERT INTO `likes` (`id`, `likes_type_id`, `user_id`, `metadata`, `created_at`, `updated_at`) VALUES (44, 4, 44, 'http://lorempixel.com/640/480/', '2000-02-06 08:55:30', '1979-01-28 07:40:05');
INSERT INTO `likes` (`id`, `likes_type_id`, `user_id`, `metadata`, `created_at`, `updated_at`) VALUES (45, 5, 45, 'http://lorempixel.com/640/480/', '2017-02-21 12:47:30', '1988-06-23 00:40:25');
INSERT INTO `likes` (`id`, `likes_type_id`, `user_id`, `metadata`, `created_at`, `updated_at`) VALUES (46, 1, 46, 'http://lorempixel.com/640/480/', '1994-10-12 07:00:37', '1972-10-27 01:48:14');
INSERT INTO `likes` (`id`, `likes_type_id`, `user_id`, `metadata`, `created_at`, `updated_at`) VALUES (47, 2, 47, 'http://lorempixel.com/640/480/', '1999-08-06 10:39:47', '1992-09-03 09:56:19');
INSERT INTO `likes` (`id`, `likes_type_id`, `user_id`, `metadata`, `created_at`, `updated_at`) VALUES (48, 3, 48, 'http://lorempixel.com/640/480/', '2012-01-22 21:20:40', '2009-05-19 02:00:14');
INSERT INTO `likes` (`id`, `likes_type_id`, `user_id`, `metadata`, `created_at`, `updated_at`) VALUES (49, 4, 49, 'http://lorempixel.com/640/480/', '1979-03-09 12:07:34', '2002-09-16 04:50:07');
INSERT INTO `likes` (`id`, `likes_type_id`, `user_id`, `metadata`, `created_at`, `updated_at`) VALUES (50, 5, 50, 'http://lorempixel.com/640/480/', '1988-05-23 22:41:56', '1975-09-14 23:40:25');
INSERT INTO `likes` (`id`, `likes_type_id`, `user_id`, `metadata`, `created_at`, `updated_at`) VALUES (51, 1, 51, 'http://lorempixel.com/640/480/', '2002-05-26 21:20:17', '2001-02-11 22:37:18');
INSERT INTO `likes` (`id`, `likes_type_id`, `user_id`, `metadata`, `created_at`, `updated_at`) VALUES (52, 2, 52, 'http://lorempixel.com/640/480/', '1977-08-25 09:45:47', '2013-06-06 13:56:09');
INSERT INTO `likes` (`id`, `likes_type_id`, `user_id`, `metadata`, `created_at`, `updated_at`) VALUES (53, 3, 53, 'http://lorempixel.com/640/480/', '1992-07-05 14:45:17', '2002-12-01 22:42:12');
INSERT INTO `likes` (`id`, `likes_type_id`, `user_id`, `metadata`, `created_at`, `updated_at`) VALUES (54, 4, 54, 'http://lorempixel.com/640/480/', '1986-01-22 11:50:41', '1982-07-09 19:42:18');
INSERT INTO `likes` (`id`, `likes_type_id`, `user_id`, `metadata`, `created_at`, `updated_at`) VALUES (55, 5, 55, 'http://lorempixel.com/640/480/', '2012-09-27 04:53:22', '2012-06-28 02:30:31');
INSERT INTO `likes` (`id`, `likes_type_id`, `user_id`, `metadata`, `created_at`, `updated_at`) VALUES (56, 1, 56, 'http://lorempixel.com/640/480/', '2005-09-01 03:28:34', '1979-09-03 16:14:09');
INSERT INTO `likes` (`id`, `likes_type_id`, `user_id`, `metadata`, `created_at`, `updated_at`) VALUES (57, 2, 57, 'http://lorempixel.com/640/480/', '1977-03-10 01:38:46', '2019-01-19 16:39:55');
INSERT INTO `likes` (`id`, `likes_type_id`, `user_id`, `metadata`, `created_at`, `updated_at`) VALUES (58, 3, 58, 'http://lorempixel.com/640/480/', '2001-06-05 05:27:06', '1982-09-22 01:19:58');
INSERT INTO `likes` (`id`, `likes_type_id`, `user_id`, `metadata`, `created_at`, `updated_at`) VALUES (59, 4, 59, 'http://lorempixel.com/640/480/', '2011-10-15 17:08:34', '2000-06-17 03:49:08');
INSERT INTO `likes` (`id`, `likes_type_id`, `user_id`, `metadata`, `created_at`, `updated_at`) VALUES (60, 5, 60, 'http://lorempixel.com/640/480/', '1976-10-02 21:57:54', '1981-03-25 05:56:19');
INSERT INTO `likes` (`id`, `likes_type_id`, `user_id`, `metadata`, `created_at`, `updated_at`) VALUES (61, 1, 61, 'http://lorempixel.com/640/480/', '2011-07-19 20:52:25', '1995-11-07 11:11:57');
INSERT INTO `likes` (`id`, `likes_type_id`, `user_id`, `metadata`, `created_at`, `updated_at`) VALUES (62, 2, 62, 'http://lorempixel.com/640/480/', '2006-09-03 13:12:57', '1983-08-13 14:22:36');
INSERT INTO `likes` (`id`, `likes_type_id`, `user_id`, `metadata`, `created_at`, `updated_at`) VALUES (63, 3, 63, 'http://lorempixel.com/640/480/', '1990-11-02 16:57:57', '1990-12-07 22:51:16');
INSERT INTO `likes` (`id`, `likes_type_id`, `user_id`, `metadata`, `created_at`, `updated_at`) VALUES (64, 4, 64, 'http://lorempixel.com/640/480/', '2017-12-13 10:25:40', '2016-09-04 00:48:49');
INSERT INTO `likes` (`id`, `likes_type_id`, `user_id`, `metadata`, `created_at`, `updated_at`) VALUES (65, 5, 65, 'http://lorempixel.com/640/480/', '1988-07-04 07:14:44', '2011-12-21 08:00:39');
INSERT INTO `likes` (`id`, `likes_type_id`, `user_id`, `metadata`, `created_at`, `updated_at`) VALUES (66, 1, 66, 'http://lorempixel.com/640/480/', '1986-03-05 20:52:34', '2010-03-22 09:51:29');
INSERT INTO `likes` (`id`, `likes_type_id`, `user_id`, `metadata`, `created_at`, `updated_at`) VALUES (67, 2, 67, 'http://lorempixel.com/640/480/', '2002-08-22 20:38:11', '1976-05-27 13:08:41');
INSERT INTO `likes` (`id`, `likes_type_id`, `user_id`, `metadata`, `created_at`, `updated_at`) VALUES (68, 3, 68, 'http://lorempixel.com/640/480/', '1993-10-31 11:48:16', '1982-07-17 12:24:02');
INSERT INTO `likes` (`id`, `likes_type_id`, `user_id`, `metadata`, `created_at`, `updated_at`) VALUES (69, 4, 69, 'http://lorempixel.com/640/480/', '1971-04-18 13:26:23', '1988-12-15 13:17:32');
INSERT INTO `likes` (`id`, `likes_type_id`, `user_id`, `metadata`, `created_at`, `updated_at`) VALUES (70, 5, 70, 'http://lorempixel.com/640/480/', '1995-02-02 01:45:37', '2006-12-10 14:50:31');
INSERT INTO `likes` (`id`, `likes_type_id`, `user_id`, `metadata`, `created_at`, `updated_at`) VALUES (71, 1, 71, 'http://lorempixel.com/640/480/', '1973-03-05 16:19:55', '1986-06-17 16:12:58');
INSERT INTO `likes` (`id`, `likes_type_id`, `user_id`, `metadata`, `created_at`, `updated_at`) VALUES (72, 2, 72, 'http://lorempixel.com/640/480/', '1971-06-09 15:33:16', '2013-08-15 13:22:26');
INSERT INTO `likes` (`id`, `likes_type_id`, `user_id`, `metadata`, `created_at`, `updated_at`) VALUES (73, 3, 73, 'http://lorempixel.com/640/480/', '1999-03-10 14:56:47', '1999-01-15 18:45:14');
INSERT INTO `likes` (`id`, `likes_type_id`, `user_id`, `metadata`, `created_at`, `updated_at`) VALUES (74, 4, 74, 'http://lorempixel.com/640/480/', '1987-04-26 10:33:47', '1986-07-08 20:48:58');
INSERT INTO `likes` (`id`, `likes_type_id`, `user_id`, `metadata`, `created_at`, `updated_at`) VALUES (75, 5, 75, 'http://lorempixel.com/640/480/', '2011-12-14 22:07:52', '1981-11-25 09:02:14');
INSERT INTO `likes` (`id`, `likes_type_id`, `user_id`, `metadata`, `created_at`, `updated_at`) VALUES (76, 1, 76, 'http://lorempixel.com/640/480/', '2018-11-22 08:21:46', '2011-12-19 09:50:39');
INSERT INTO `likes` (`id`, `likes_type_id`, `user_id`, `metadata`, `created_at`, `updated_at`) VALUES (77, 2, 77, 'http://lorempixel.com/640/480/', '1981-05-08 03:05:34', '2009-09-15 05:23:38');
INSERT INTO `likes` (`id`, `likes_type_id`, `user_id`, `metadata`, `created_at`, `updated_at`) VALUES (78, 3, 78, 'http://lorempixel.com/640/480/', '2009-01-25 09:56:21', '2008-07-01 12:42:55');
INSERT INTO `likes` (`id`, `likes_type_id`, `user_id`, `metadata`, `created_at`, `updated_at`) VALUES (79, 4, 79, 'http://lorempixel.com/640/480/', '1974-02-16 20:38:48', '1979-09-18 03:00:39');
INSERT INTO `likes` (`id`, `likes_type_id`, `user_id`, `metadata`, `created_at`, `updated_at`) VALUES (80, 5, 80, 'http://lorempixel.com/640/480/', '2006-06-29 21:02:06', '1971-12-26 14:59:04');
INSERT INTO `likes` (`id`, `likes_type_id`, `user_id`, `metadata`, `created_at`, `updated_at`) VALUES (81, 1, 81, 'http://lorempixel.com/640/480/', '2014-10-20 22:13:57', '1985-03-28 08:23:03');
INSERT INTO `likes` (`id`, `likes_type_id`, `user_id`, `metadata`, `created_at`, `updated_at`) VALUES (82, 2, 82, 'http://lorempixel.com/640/480/', '1995-11-10 11:27:09', '1978-06-22 05:09:04');
INSERT INTO `likes` (`id`, `likes_type_id`, `user_id`, `metadata`, `created_at`, `updated_at`) VALUES (83, 3, 83, 'http://lorempixel.com/640/480/', '2005-02-16 23:25:44', '2001-09-30 16:11:47');
INSERT INTO `likes` (`id`, `likes_type_id`, `user_id`, `metadata`, `created_at`, `updated_at`) VALUES (84, 4, 84, 'http://lorempixel.com/640/480/', '1996-12-15 05:33:08', '1997-09-28 12:05:52');
INSERT INTO `likes` (`id`, `likes_type_id`, `user_id`, `metadata`, `created_at`, `updated_at`) VALUES (85, 5, 85, 'http://lorempixel.com/640/480/', '1995-09-02 06:46:07', '2004-01-15 03:34:40');
INSERT INTO `likes` (`id`, `likes_type_id`, `user_id`, `metadata`, `created_at`, `updated_at`) VALUES (86, 1, 86, 'http://lorempixel.com/640/480/', '1998-03-04 05:24:02', '1977-11-22 15:44:06');
INSERT INTO `likes` (`id`, `likes_type_id`, `user_id`, `metadata`, `created_at`, `updated_at`) VALUES (87, 2, 87, 'http://lorempixel.com/640/480/', '2002-09-19 03:30:17', '1999-06-21 01:57:24');
INSERT INTO `likes` (`id`, `likes_type_id`, `user_id`, `metadata`, `created_at`, `updated_at`) VALUES (88, 3, 88, 'http://lorempixel.com/640/480/', '1977-03-06 01:03:01', '1987-11-27 05:38:46');
INSERT INTO `likes` (`id`, `likes_type_id`, `user_id`, `metadata`, `created_at`, `updated_at`) VALUES (89, 4, 89, 'http://lorempixel.com/640/480/', '1992-09-29 18:59:11', '2015-12-03 00:35:12');
INSERT INTO `likes` (`id`, `likes_type_id`, `user_id`, `metadata`, `created_at`, `updated_at`) VALUES (90, 5, 90, 'http://lorempixel.com/640/480/', '1995-01-28 14:46:09', '1989-03-21 12:01:28');
INSERT INTO `likes` (`id`, `likes_type_id`, `user_id`, `metadata`, `created_at`, `updated_at`) VALUES (91, 1, 91, 'http://lorempixel.com/640/480/', '2013-04-01 17:43:53', '1977-02-21 05:00:52');
INSERT INTO `likes` (`id`, `likes_type_id`, `user_id`, `metadata`, `created_at`, `updated_at`) VALUES (92, 2, 92, 'http://lorempixel.com/640/480/', '1980-04-27 22:45:02', '2007-10-03 02:10:17');
INSERT INTO `likes` (`id`, `likes_type_id`, `user_id`, `metadata`, `created_at`, `updated_at`) VALUES (93, 3, 93, 'http://lorempixel.com/640/480/', '2003-11-25 01:27:00', '2013-08-19 08:15:59');
INSERT INTO `likes` (`id`, `likes_type_id`, `user_id`, `metadata`, `created_at`, `updated_at`) VALUES (94, 4, 94, 'http://lorempixel.com/640/480/', '1995-11-27 04:57:34', '2007-08-05 18:11:50');
INSERT INTO `likes` (`id`, `likes_type_id`, `user_id`, `metadata`, `created_at`, `updated_at`) VALUES (95, 5, 95, 'http://lorempixel.com/640/480/', '2002-05-27 12:48:47', '2016-02-05 08:36:21');
INSERT INTO `likes` (`id`, `likes_type_id`, `user_id`, `metadata`, `created_at`, `updated_at`) VALUES (96, 1, 96, 'http://lorempixel.com/640/480/', '1985-05-24 16:41:53', '1972-04-26 14:11:56');
INSERT INTO `likes` (`id`, `likes_type_id`, `user_id`, `metadata`, `created_at`, `updated_at`) VALUES (97, 2, 97, 'http://lorempixel.com/640/480/', '1999-06-24 05:31:15', '2000-02-27 21:43:10');
INSERT INTO `likes` (`id`, `likes_type_id`, `user_id`, `metadata`, `created_at`, `updated_at`) VALUES (98, 3, 98, 'http://lorempixel.com/640/480/', '1984-07-03 21:37:16', '1972-06-21 16:45:47');
INSERT INTO `likes` (`id`, `likes_type_id`, `user_id`, `metadata`, `created_at`, `updated_at`) VALUES (99, 4, 99, 'http://lorempixel.com/640/480/', '1994-05-21 19:01:53', '2004-05-06 08:40:38');
INSERT INTO `likes` (`id`, `likes_type_id`, `user_id`, `metadata`, `created_at`, `updated_at`) VALUES (100, 5, 100, 'http://lorempixel.com/640/480/', '2016-09-22 18:20:19', '2005-03-11 19:07:50');



INSERT INTO `likes_types` (`id`, `name`) VALUES (1, ' \"message\"');
INSERT INTO `likes_types` (`id`, `name`) VALUES (4, ' \"profile\"');
INSERT INTO `likes_types` (`id`, `name`) VALUES (5, ' \"sound\"');
INSERT INTO `likes_types` (`id`, `name`) VALUES (2, ' \"video\"');
INSERT INTO `likes_types` (`id`, `name`) VALUES (3, '\"photo\"');



INSERT INTO `media` (`id`, `media_type_id`, `user_id`, `filename`, `size`, `metadata`, `created_at`, `updated_at`) VALUES (1, 1, 1, 'application/vnd.hydrostatix.sof-data', 562433, 'http://www.kreiger.biz/', '1986-08-22 17:05:45', '1994-11-27 07:12:42');
INSERT INTO `media` (`id`, `media_type_id`, `user_id`, `filename`, `size`, `metadata`, `created_at`, `updated_at`) VALUES (2, 2, 2, 'application/x-dgc-compressed', 652870, 'http://swaniawski.com/', '2000-07-19 09:21:11', '2006-12-17 02:47:26');
INSERT INTO `media` (`id`, `media_type_id`, `user_id`, `filename`, `size`, `metadata`, `created_at`, `updated_at`) VALUES (3, 3, 3, 'video/x-sgi-movie', 0, 'http://www.hartmann.com/', '1976-08-29 21:15:45', '2004-10-16 09:12:12');
INSERT INTO `media` (`id`, `media_type_id`, `user_id`, `filename`, `size`, `metadata`, `created_at`, `updated_at`) VALUES (4, 1, 4, 'application/yang', 1, 'http://quitzon.net/', '1977-02-15 21:38:52', '2013-06-08 03:43:00');
INSERT INTO `media` (`id`, `media_type_id`, `user_id`, `filename`, `size`, `metadata`, `created_at`, `updated_at`) VALUES (5, 2, 5, 'application/x-sh', 15, 'http://hyatt.com/', '2003-12-24 13:27:01', '1974-05-10 23:22:17');
INSERT INTO `media` (`id`, `media_type_id`, `user_id`, `filename`, `size`, `metadata`, `created_at`, `updated_at`) VALUES (6, 3, 6, 'application/xcap-diff+xml', 4, 'http://grady.com/', '1973-09-26 14:28:19', '1996-08-20 15:58:23');
INSERT INTO `media` (`id`, `media_type_id`, `user_id`, `filename`, `size`, `metadata`, `created_at`, `updated_at`) VALUES (7, 1, 7, 'video/vnd.mpegurl', 575762, 'http://bernier.net/', '2010-10-22 03:45:56', '1977-04-02 13:38:41');
INSERT INTO `media` (`id`, `media_type_id`, `user_id`, `filename`, `size`, `metadata`, `created_at`, `updated_at`) VALUES (8, 2, 8, 'application/mathml+xml', 874699134, 'http://wiza.biz/', '2006-09-24 13:24:07', '2018-06-20 17:54:37');
INSERT INTO `media` (`id`, `media_type_id`, `user_id`, `filename`, `size`, `metadata`, `created_at`, `updated_at`) VALUES (9, 3, 9, 'audio/vnd.dece.audio', 64788642, 'http://www.langosh.com/', '1979-07-20 02:12:01', '1981-06-23 05:40:14');
INSERT INTO `media` (`id`, `media_type_id`, `user_id`, `filename`, `size`, `metadata`, `created_at`, `updated_at`) VALUES (10, 1, 10, 'application/vnd.kde.kontour', 0, 'http://www.pagac.com/', '2013-07-30 11:06:34', '2013-11-26 01:55:47');
INSERT INTO `media` (`id`, `media_type_id`, `user_id`, `filename`, `size`, `metadata`, `created_at`, `updated_at`) VALUES (11, 2, 11, 'application/jsonml+json', 8596, 'http://www.heathcote.com/', '2006-06-16 09:27:51', '1999-11-15 04:33:46');
INSERT INTO `media` (`id`, `media_type_id`, `user_id`, `filename`, `size`, `metadata`, `created_at`, `updated_at`) VALUES (12, 3, 12, 'text/vnd.curl.mcurl', 328189145, 'http://rosenbaum.com/', '1978-06-26 17:31:36', '2014-05-03 08:30:05');
INSERT INTO `media` (`id`, `media_type_id`, `user_id`, `filename`, `size`, `metadata`, `created_at`, `updated_at`) VALUES (13, 1, 13, 'image/x-icon', 692, 'http://www.tremblaystrosin.biz/', '1996-04-09 12:36:37', '1994-12-03 18:03:00');
INSERT INTO `media` (`id`, `media_type_id`, `user_id`, `filename`, `size`, `metadata`, `created_at`, `updated_at`) VALUES (14, 2, 14, 'text/csv', 941, 'http://www.treutel.info/', '1996-01-30 08:00:15', '2003-04-13 19:25:27');
INSERT INTO `media` (`id`, `media_type_id`, `user_id`, `filename`, `size`, `metadata`, `created_at`, `updated_at`) VALUES (15, 3, 15, 'audio/x-ms-wma', 713849794, 'http://www.keeblermcclure.com/', '2015-01-22 06:50:22', '1991-06-24 08:01:08');
INSERT INTO `media` (`id`, `media_type_id`, `user_id`, `filename`, `size`, `metadata`, `created_at`, `updated_at`) VALUES (16, 1, 16, 'video/x-msvideo', 174917, 'http://www.quigley.info/', '1994-10-18 04:00:22', '2010-07-31 19:50:52');
INSERT INTO `media` (`id`, `media_type_id`, `user_id`, `filename`, `size`, `metadata`, `created_at`, `updated_at`) VALUES (17, 2, 17, 'application/vnd.openxmlformats-officedocument.wordprocessingml.template', 7, 'http://www.casperkuhn.com/', '2007-02-20 21:06:52', '1978-01-18 09:20:33');
INSERT INTO `media` (`id`, `media_type_id`, `user_id`, `filename`, `size`, `metadata`, `created_at`, `updated_at`) VALUES (18, 3, 18, 'application/xv+xml', 522, 'http://www.hackettmoore.biz/', '2003-10-07 21:23:47', '1985-10-19 20:30:02');
INSERT INTO `media` (`id`, `media_type_id`, `user_id`, `filename`, `size`, `metadata`, `created_at`, `updated_at`) VALUES (19, 1, 19, 'text/x-nfo', 3, 'http://raynor.info/', '2008-06-14 21:15:29', '1994-08-01 08:48:28');
INSERT INTO `media` (`id`, `media_type_id`, `user_id`, `filename`, `size`, `metadata`, `created_at`, `updated_at`) VALUES (20, 2, 20, 'application/vnd.xfdl', 80, 'http://schneider.com/', '2000-02-14 12:42:04', '1970-05-10 01:57:36');
INSERT INTO `media` (`id`, `media_type_id`, `user_id`, `filename`, `size`, `metadata`, `created_at`, `updated_at`) VALUES (21, 3, 21, 'application/x-bittorrent', 4, 'http://ohara.info/', '1993-07-29 06:00:29', '1970-10-31 03:07:15');
INSERT INTO `media` (`id`, `media_type_id`, `user_id`, `filename`, `size`, `metadata`, `created_at`, `updated_at`) VALUES (22, 1, 22, 'application/pkixcmp', 9, 'http://walter.net/', '2004-04-03 12:42:53', '1990-02-12 17:17:52');
INSERT INTO `media` (`id`, `media_type_id`, `user_id`, `filename`, `size`, `metadata`, `created_at`, `updated_at`) VALUES (23, 2, 23, 'application/vnd.hal+xml', 726595334, 'http://wyman.com/', '2004-06-21 18:45:14', '1989-07-17 22:31:28');
INSERT INTO `media` (`id`, `media_type_id`, `user_id`, `filename`, `size`, `metadata`, `created_at`, `updated_at`) VALUES (24, 3, 24, 'video/jpeg', 654, 'http://mayertfranecki.net/', '2002-06-09 21:59:43', '1991-12-08 19:37:20');
INSERT INTO `media` (`id`, `media_type_id`, `user_id`, `filename`, `size`, `metadata`, `created_at`, `updated_at`) VALUES (25, 1, 25, 'application/vnd.visio', 21832519, 'http://www.steuberkunze.com/', '1986-10-08 21:45:32', '1998-12-16 14:09:23');
INSERT INTO `media` (`id`, `media_type_id`, `user_id`, `filename`, `size`, `metadata`, `created_at`, `updated_at`) VALUES (26, 2, 26, 'application/vnd.sema', 207540637, 'http://kubkessler.biz/', '1988-09-22 09:53:33', '1984-09-28 15:35:47');
INSERT INTO `media` (`id`, `media_type_id`, `user_id`, `filename`, `size`, `metadata`, `created_at`, `updated_at`) VALUES (27, 3, 27, 'application/vnd.openxmlformats-officedocument.presentationml.slide', 52112219, 'http://www.tremblaygutmann.net/', '1991-12-21 21:46:13', '1978-03-27 05:29:32');
INSERT INTO `media` (`id`, `media_type_id`, `user_id`, `filename`, `size`, `metadata`, `created_at`, `updated_at`) VALUES (28, 1, 28, 'audio/x-pn-realaudio-plugin', 692, 'http://www.bogisich.info/', '1981-09-21 19:58:06', '2006-11-06 19:52:53');
INSERT INTO `media` (`id`, `media_type_id`, `user_id`, `filename`, `size`, `metadata`, `created_at`, `updated_at`) VALUES (29, 2, 29, 'application/vnd.symbian.install', 0, 'http://www.quitzonsimonis.com/', '1979-01-09 11:19:42', '2006-01-19 05:02:21');
INSERT INTO `media` (`id`, `media_type_id`, `user_id`, `filename`, `size`, `metadata`, `created_at`, `updated_at`) VALUES (30, 3, 30, 'application/vnd.ms-works', 28, 'http://www.orn.com/', '1976-08-09 07:36:19', '1982-11-20 23:56:01');
INSERT INTO `media` (`id`, `media_type_id`, `user_id`, `filename`, `size`, `metadata`, `created_at`, `updated_at`) VALUES (31, 1, 31, 'video/vnd.dece.pd', 9426, 'http://bartonquigley.net/', '2001-04-27 17:04:20', '2010-03-16 14:30:17');
INSERT INTO `media` (`id`, `media_type_id`, `user_id`, `filename`, `size`, `metadata`, `created_at`, `updated_at`) VALUES (32, 2, 32, 'application/vnd.dvb.ait', 988, 'http://pfefferconnelly.net/', '1990-11-11 12:39:50', '1993-04-13 16:48:19');
INSERT INTO `media` (`id`, `media_type_id`, `user_id`, `filename`, `size`, `metadata`, `created_at`, `updated_at`) VALUES (33, 3, 33, 'video/vnd.dece.video', 653318, 'http://www.langosh.com/', '1973-01-20 13:17:54', '1981-10-20 00:36:04');
INSERT INTO `media` (`id`, `media_type_id`, `user_id`, `filename`, `size`, `metadata`, `created_at`, `updated_at`) VALUES (34, 1, 34, 'image/x-rgb', 43980607, 'http://bartolettirenner.info/', '1982-12-04 02:27:18', '1976-08-10 22:14:48');
INSERT INTO `media` (`id`, `media_type_id`, `user_id`, `filename`, `size`, `metadata`, `created_at`, `updated_at`) VALUES (35, 2, 35, 'application/vnd.dece.ttml+xml', 38496302, 'http://rath.net/', '2009-02-20 21:16:13', '2009-03-14 12:36:16');
INSERT INTO `media` (`id`, `media_type_id`, `user_id`, `filename`, `size`, `metadata`, `created_at`, `updated_at`) VALUES (36, 3, 36, 'image/x-portable-pixmap', 560671604, 'http://bergnaum.com/', '1989-09-18 02:44:53', '1983-12-21 07:41:18');
INSERT INTO `media` (`id`, `media_type_id`, `user_id`, `filename`, `size`, `metadata`, `created_at`, `updated_at`) VALUES (37, 1, 37, 'application/vnd.dynageo', 103873683, 'http://www.bradtke.com/', '1974-04-17 18:50:29', '1984-09-24 01:45:16');
INSERT INTO `media` (`id`, `media_type_id`, `user_id`, `filename`, `size`, `metadata`, `created_at`, `updated_at`) VALUES (38, 2, 38, 'audio/x-mpegurl', 79971, 'http://www.mitchell.com/', '2006-02-25 17:48:43', '2018-08-27 19:48:59');
INSERT INTO `media` (`id`, `media_type_id`, `user_id`, `filename`, `size`, `metadata`, `created_at`, `updated_at`) VALUES (39, 3, 39, 'video/x-f4v', 3769378, 'http://www.leannon.org/', '1991-04-26 17:53:03', '1982-01-23 22:41:12');
INSERT INTO `media` (`id`, `media_type_id`, `user_id`, `filename`, `size`, `metadata`, `created_at`, `updated_at`) VALUES (40, 1, 40, 'application/x-tar', 35296, 'http://www.hammesheathcote.com/', '1973-03-26 15:19:50', '1979-01-03 00:53:23');
INSERT INTO `media` (`id`, `media_type_id`, `user_id`, `filename`, `size`, `metadata`, `created_at`, `updated_at`) VALUES (41, 2, 41, 'application/x-ms-wmz', 265675, 'http://www.hamill.org/', '1995-01-03 13:45:38', '2001-11-15 16:28:16');
INSERT INTO `media` (`id`, `media_type_id`, `user_id`, `filename`, `size`, `metadata`, `created_at`, `updated_at`) VALUES (42, 3, 42, 'application/vnd.ms-pki.seccat', 9621, 'http://www.schambergermcglynn.com/', '1995-12-02 21:04:57', '1972-08-26 07:42:16');
INSERT INTO `media` (`id`, `media_type_id`, `user_id`, `filename`, `size`, `metadata`, `created_at`, `updated_at`) VALUES (43, 1, 43, 'application/x-conference', 0, 'http://wiza.org/', '1976-08-06 10:14:55', '1975-07-29 11:40:22');
INSERT INTO `media` (`id`, `media_type_id`, `user_id`, `filename`, `size`, `metadata`, `created_at`, `updated_at`) VALUES (44, 2, 44, 'application/x-silverlight-app', 0, 'http://www.price.com/', '1999-11-09 19:04:10', '2016-11-27 17:41:07');
INSERT INTO `media` (`id`, `media_type_id`, `user_id`, `filename`, `size`, `metadata`, `created_at`, `updated_at`) VALUES (45, 3, 45, 'application/vnd.kodak-descriptor', 863308916, 'http://www.wyman.info/', '2012-05-01 17:40:47', '1985-07-31 18:46:46');
INSERT INTO `media` (`id`, `media_type_id`, `user_id`, `filename`, `size`, `metadata`, `created_at`, `updated_at`) VALUES (46, 1, 46, 'application/vnd.epson.quickanime', 171529, 'http://www.cummings.org/', '1984-08-22 10:59:21', '1994-02-19 21:09:26');
INSERT INTO `media` (`id`, `media_type_id`, `user_id`, `filename`, `size`, `metadata`, `created_at`, `updated_at`) VALUES (47, 2, 47, 'application/x-font-type1', 9064, 'http://www.marvin.com/', '1982-09-15 18:47:34', '1986-01-04 19:49:51');
INSERT INTO `media` (`id`, `media_type_id`, `user_id`, `filename`, `size`, `metadata`, `created_at`, `updated_at`) VALUES (48, 3, 48, 'model/vnd.collada+xml', 304908623, 'http://www.welch.net/', '1992-07-15 04:36:38', '1989-10-06 06:45:58');
INSERT INTO `media` (`id`, `media_type_id`, `user_id`, `filename`, `size`, `metadata`, `created_at`, `updated_at`) VALUES (49, 1, 49, 'application/vnd.oasis.opendocument.chart', 8, 'http://www.hintz.com/', '2006-03-07 16:43:02', '1976-06-22 16:49:55');
INSERT INTO `media` (`id`, `media_type_id`, `user_id`, `filename`, `size`, `metadata`, `created_at`, `updated_at`) VALUES (50, 2, 50, 'application/vnd.shana.informed.interchange', 4, 'http://www.kunze.com/', '2002-01-10 13:55:38', '1979-03-08 14:41:26');
INSERT INTO `media` (`id`, `media_type_id`, `user_id`, `filename`, `size`, `metadata`, `created_at`, `updated_at`) VALUES (51, 3, 51, 'application/x-bittorrent', 0, 'http://www.trantow.info/', '2002-03-22 18:57:41', '1989-02-05 17:02:38');
INSERT INTO `media` (`id`, `media_type_id`, `user_id`, `filename`, `size`, `metadata`, `created_at`, `updated_at`) VALUES (52, 1, 52, 'application/x-cfs-compressed', 5, 'http://www.tremblaygleason.com/', '2012-12-14 02:43:05', '2004-01-25 04:30:35');
INSERT INTO `media` (`id`, `media_type_id`, `user_id`, `filename`, `size`, `metadata`, `created_at`, `updated_at`) VALUES (53, 2, 53, 'application/vnd.svd', 9268173, 'http://www.kulas.com/', '1996-09-17 18:02:40', '1990-04-06 14:50:40');
INSERT INTO `media` (`id`, `media_type_id`, `user_id`, `filename`, `size`, `metadata`, `created_at`, `updated_at`) VALUES (54, 3, 54, 'video/x-matroska', 47388, 'http://www.green.com/', '1986-12-15 07:49:12', '1998-10-29 10:01:10');
INSERT INTO `media` (`id`, `media_type_id`, `user_id`, `filename`, `size`, `metadata`, `created_at`, `updated_at`) VALUES (55, 1, 55, 'application/reginfo+xml', 649102544, 'http://hagenesquitzon.com/', '1978-04-12 19:22:23', '1990-01-12 17:48:23');
INSERT INTO `media` (`id`, `media_type_id`, `user_id`, `filename`, `size`, `metadata`, `created_at`, `updated_at`) VALUES (56, 2, 56, 'video/x-matroska', 6695563, 'http://www.leannonreilly.com/', '2014-10-17 14:24:45', '2012-06-18 21:26:44');
INSERT INTO `media` (`id`, `media_type_id`, `user_id`, `filename`, `size`, `metadata`, `created_at`, `updated_at`) VALUES (57, 3, 57, 'application/xhtml+xml', 144410986, 'http://kris.info/', '2005-05-28 15:06:58', '1985-05-27 04:03:01');
INSERT INTO `media` (`id`, `media_type_id`, `user_id`, `filename`, `size`, `metadata`, `created_at`, `updated_at`) VALUES (58, 1, 58, 'audio/adpcm', 18911767, 'http://www.rolfson.com/', '1978-11-13 15:56:02', '1990-03-25 17:52:49');
INSERT INTO `media` (`id`, `media_type_id`, `user_id`, `filename`, `size`, `metadata`, `created_at`, `updated_at`) VALUES (59, 2, 59, 'application/vnd.kde.kontour', 931, 'http://christiansenrobel.info/', '2017-08-09 09:49:41', '1980-03-17 18:59:15');
INSERT INTO `media` (`id`, `media_type_id`, `user_id`, `filename`, `size`, `metadata`, `created_at`, `updated_at`) VALUES (60, 3, 60, 'image/ktx', 0, 'http://goyette.com/', '2013-06-10 06:58:44', '2007-02-16 08:22:01');
INSERT INTO `media` (`id`, `media_type_id`, `user_id`, `filename`, `size`, `metadata`, `created_at`, `updated_at`) VALUES (61, 1, 61, 'application/vnd.rn-realmedia', 443, 'http://www.walker.org/', '1990-11-25 06:42:08', '1976-05-29 10:40:21');
INSERT INTO `media` (`id`, `media_type_id`, `user_id`, `filename`, `size`, `metadata`, `created_at`, `updated_at`) VALUES (62, 2, 62, 'application/vnd.llamagraphics.life-balance.exchange+xml', 115116, 'http://keeling.com/', '2014-12-25 05:51:55', '1981-05-31 09:40:37');
INSERT INTO `media` (`id`, `media_type_id`, `user_id`, `filename`, `size`, `metadata`, `created_at`, `updated_at`) VALUES (63, 3, 63, 'audio/x-wav', 633, 'http://prosacco.biz/', '2009-07-22 21:19:40', '2011-02-05 07:29:52');
INSERT INTO `media` (`id`, `media_type_id`, `user_id`, `filename`, `size`, `metadata`, `created_at`, `updated_at`) VALUES (64, 1, 64, 'text/vcard', 0, 'http://kuhlman.com/', '1971-10-07 20:16:49', '1970-05-12 00:08:49');
INSERT INTO `media` (`id`, `media_type_id`, `user_id`, `filename`, `size`, `metadata`, `created_at`, `updated_at`) VALUES (65, 2, 65, 'application/vnd.tcpdump.pcap', 503, 'http://mitchell.com/', '1995-08-11 07:54:32', '1980-10-17 12:53:32');
INSERT INTO `media` (`id`, `media_type_id`, `user_id`, `filename`, `size`, `metadata`, `created_at`, `updated_at`) VALUES (66, 3, 66, 'application/x-tar', 365917875, 'http://www.wintheiser.com/', '1987-07-17 19:25:26', '2006-01-26 17:07:46');
INSERT INTO `media` (`id`, `media_type_id`, `user_id`, `filename`, `size`, `metadata`, `created_at`, `updated_at`) VALUES (67, 1, 67, 'text/n3', 3, 'http://murazik.net/', '2003-08-20 02:45:53', '1982-07-06 15:37:07');
INSERT INTO `media` (`id`, `media_type_id`, `user_id`, `filename`, `size`, `metadata`, `created_at`, `updated_at`) VALUES (68, 2, 68, 'application/x-dgc-compressed', 0, 'http://www.caspermraz.biz/', '2019-07-27 16:47:47', '2006-10-29 20:50:28');
INSERT INTO `media` (`id`, `media_type_id`, `user_id`, `filename`, `size`, `metadata`, `created_at`, `updated_at`) VALUES (69, 3, 69, 'application/vnd.musician', 0, 'http://www.emardoreilly.biz/', '2005-12-19 16:08:43', '1990-04-25 03:35:19');
INSERT INTO `media` (`id`, `media_type_id`, `user_id`, `filename`, `size`, `metadata`, `created_at`, `updated_at`) VALUES (70, 1, 70, 'application/vnd.trueapp', 742, 'http://www.johns.com/', '2015-05-27 04:43:43', '1971-10-09 22:10:06');
INSERT INTO `media` (`id`, `media_type_id`, `user_id`, `filename`, `size`, `metadata`, `created_at`, `updated_at`) VALUES (71, 2, 71, 'application/vnd.tmobile-livetv', 36339, 'http://bernierrunte.com/', '1980-06-14 18:38:55', '1992-06-03 21:30:38');
INSERT INTO `media` (`id`, `media_type_id`, `user_id`, `filename`, `size`, `metadata`, `created_at`, `updated_at`) VALUES (72, 3, 72, 'application/mets+xml', 596, 'http://mayer.com/', '1987-01-11 19:06:25', '1977-03-06 23:03:11');
INSERT INTO `media` (`id`, `media_type_id`, `user_id`, `filename`, `size`, `metadata`, `created_at`, `updated_at`) VALUES (73, 1, 73, 'application/vnd.kde.kivio', 97530992, 'http://www.langworth.com/', '2006-02-22 17:39:42', '1974-01-21 21:25:27');
INSERT INTO `media` (`id`, `media_type_id`, `user_id`, `filename`, `size`, `metadata`, `created_at`, `updated_at`) VALUES (74, 2, 74, 'application/xspf+xml', 0, 'http://pacocha.com/', '1993-07-27 20:59:27', '1999-07-04 16:51:35');
INSERT INTO `media` (`id`, `media_type_id`, `user_id`, `filename`, `size`, `metadata`, `created_at`, `updated_at`) VALUES (75, 3, 75, 'application/atom+xml', 0, 'http://crooks.com/', '2018-04-06 06:45:09', '1999-09-23 09:12:58');
INSERT INTO `media` (`id`, `media_type_id`, `user_id`, `filename`, `size`, `metadata`, `created_at`, `updated_at`) VALUES (76, 1, 76, 'application/vnd.hydrostatix.sof-data', 102074408, 'http://labadie.com/', '1989-12-05 14:17:56', '2017-09-14 04:01:19');
INSERT INTO `media` (`id`, `media_type_id`, `user_id`, `filename`, `size`, `metadata`, `created_at`, `updated_at`) VALUES (77, 2, 77, 'image/ief', 7743638, 'http://www.bayer.com/', '2019-07-10 00:27:00', '2002-11-06 23:31:59');
INSERT INTO `media` (`id`, `media_type_id`, `user_id`, `filename`, `size`, `metadata`, `created_at`, `updated_at`) VALUES (78, 3, 78, 'application/vnd.llamagraphics.life-balance.exchange+xml', 0, 'http://www.howe.com/', '1989-11-23 02:00:16', '2009-01-11 05:35:37');
INSERT INTO `media` (`id`, `media_type_id`, `user_id`, `filename`, `size`, `metadata`, `created_at`, `updated_at`) VALUES (79, 1, 79, 'application/vnd.wqd', 0, 'http://heathcote.com/', '1972-10-23 07:34:28', '2017-05-19 17:06:15');
INSERT INTO `media` (`id`, `media_type_id`, `user_id`, `filename`, `size`, `metadata`, `created_at`, `updated_at`) VALUES (80, 2, 80, 'application/vnd.ms-pki.seccat', 33715, 'http://www.bayer.info/', '1995-04-18 15:53:20', '1983-09-02 14:55:49');
INSERT INTO `media` (`id`, `media_type_id`, `user_id`, `filename`, `size`, `metadata`, `created_at`, `updated_at`) VALUES (81, 3, 81, 'text/uri-list', 0, 'http://www.kemmerlakin.com/', '2004-05-31 09:16:15', '2015-06-24 02:47:38');
INSERT INTO `media` (`id`, `media_type_id`, `user_id`, `filename`, `size`, `metadata`, `created_at`, `updated_at`) VALUES (82, 1, 82, 'application/vnd.syncml+xml', 94, 'http://www.mertz.org/', '1980-12-23 20:46:44', '1985-08-23 11:38:40');
INSERT INTO `media` (`id`, `media_type_id`, `user_id`, `filename`, `size`, `metadata`, `created_at`, `updated_at`) VALUES (83, 2, 83, 'image/vnd.fastbidsheet', 27204, 'http://www.hauckmurphy.info/', '1994-04-21 15:42:12', '1983-08-12 22:07:24');
INSERT INTO `media` (`id`, `media_type_id`, `user_id`, `filename`, `size`, `metadata`, `created_at`, `updated_at`) VALUES (84, 3, 84, 'application/vnd.shana.informed.formdata', 44936182, 'http://www.pfeffer.com/', '2005-06-10 04:24:17', '1975-09-13 04:17:58');
INSERT INTO `media` (`id`, `media_type_id`, `user_id`, `filename`, `size`, `metadata`, `created_at`, `updated_at`) VALUES (85, 1, 85, 'application/pdf', 92186, 'http://rath.com/', '1987-11-20 22:54:09', '2006-01-17 03:24:41');
INSERT INTO `media` (`id`, `media_type_id`, `user_id`, `filename`, `size`, `metadata`, `created_at`, `updated_at`) VALUES (86, 2, 86, 'text/vnd.wap.wmlscript', 1312, 'http://www.mooreframi.com/', '1978-06-11 22:20:51', '1990-02-09 02:07:19');
INSERT INTO `media` (`id`, `media_type_id`, `user_id`, `filename`, `size`, `metadata`, `created_at`, `updated_at`) VALUES (87, 3, 87, 'video/x-flv', 461366325, 'http://www.beierflatley.com/', '2009-04-29 05:22:21', '1977-04-01 04:33:41');
INSERT INTO `media` (`id`, `media_type_id`, `user_id`, `filename`, `size`, `metadata`, `created_at`, `updated_at`) VALUES (88, 1, 88, 'application/vnd.rn-realmedia', 7669, 'http://conn.com/', '2015-03-09 17:26:14', '2006-03-15 05:32:25');
INSERT INTO `media` (`id`, `media_type_id`, `user_id`, `filename`, `size`, `metadata`, `created_at`, `updated_at`) VALUES (89, 2, 89, 'video/jpm', 8, 'http://www.stoltenberglynch.net/', '1985-06-29 20:59:32', '1975-07-23 01:43:03');
INSERT INTO `media` (`id`, `media_type_id`, `user_id`, `filename`, `size`, `metadata`, `created_at`, `updated_at`) VALUES (90, 3, 90, 'application/xcap-diff+xml', 782, 'http://von.com/', '2019-05-26 17:58:35', '1994-05-14 11:46:14');
INSERT INTO `media` (`id`, `media_type_id`, `user_id`, `filename`, `size`, `metadata`, `created_at`, `updated_at`) VALUES (91, 1, 91, 'application/vnd.sun.xml.draw', 2581, 'http://www.kerlukepowlowski.com/', '2012-12-06 11:09:21', '2007-07-11 11:43:49');
INSERT INTO `media` (`id`, `media_type_id`, `user_id`, `filename`, `size`, `metadata`, `created_at`, `updated_at`) VALUES (92, 2, 92, 'application/xhtml+xml', 546, 'http://www.rice.com/', '1988-02-19 06:39:29', '1999-02-20 20:43:03');
INSERT INTO `media` (`id`, `media_type_id`, `user_id`, `filename`, `size`, `metadata`, `created_at`, `updated_at`) VALUES (93, 3, 93, 'application/rss+xml', 746, 'http://www.ward.biz/', '2000-03-27 03:41:09', '1988-11-27 15:04:23');
INSERT INTO `media` (`id`, `media_type_id`, `user_id`, `filename`, `size`, `metadata`, `created_at`, `updated_at`) VALUES (94, 1, 94, 'video/vnd.uvvu.mp4', 9174, 'http://www.gradydach.org/', '2014-09-07 18:49:30', '1981-01-07 08:39:24');
INSERT INTO `media` (`id`, `media_type_id`, `user_id`, `filename`, `size`, `metadata`, `created_at`, `updated_at`) VALUES (95, 2, 95, 'application/x-silverlight-app', 8831, 'http://www.towne.info/', '1985-07-22 03:44:37', '1983-07-03 02:19:10');
INSERT INTO `media` (`id`, `media_type_id`, `user_id`, `filename`, `size`, `metadata`, `created_at`, `updated_at`) VALUES (96, 3, 96, 'application/jsonml+json', 71200, 'http://www.gerlachzemlak.com/', '1989-12-24 20:43:47', '1990-09-07 03:06:05');
INSERT INTO `media` (`id`, `media_type_id`, `user_id`, `filename`, `size`, `metadata`, `created_at`, `updated_at`) VALUES (97, 1, 97, 'image/x-rgb', 594, 'http://www.turcottemacejkovic.com/', '1986-01-20 04:35:00', '2011-07-24 16:14:14');
INSERT INTO `media` (`id`, `media_type_id`, `user_id`, `filename`, `size`, `metadata`, `created_at`, `updated_at`) VALUES (98, 2, 98, 'application/vnd.sun.xml.writer', 25037, 'http://www.nienow.com/', '1996-12-11 05:46:39', '1981-10-20 19:51:51');
INSERT INTO `media` (`id`, `media_type_id`, `user_id`, `filename`, `size`, `metadata`, `created_at`, `updated_at`) VALUES (99, 3, 99, 'application/vnd.uiq.theme', 34, 'http://pfeffer.com/', '1970-01-14 14:37:26', '1972-07-09 04:21:17');
INSERT INTO `media` (`id`, `media_type_id`, `user_id`, `filename`, `size`, `metadata`, `created_at`, `updated_at`) VALUES (100, 1, 100, 'video/webm', 22280, 'http://www.hagenes.net/', '2015-02-15 18:39:53', '1992-08-24 03:07:10');



INSERT INTO `media_types` (`id`, `name`) VALUES (2, ' sound');
INSERT INTO `media_types` (`id`, `name`) VALUES (1, ' video');
INSERT INTO `media_types` (`id`, `name`) VALUES (3, 'photo');


INSERT INTO `messages` (`from_user_id`, `to_user_id`, `body`, `important`, `delivered`, `created_at`) VALUES (1, 1, 'Ut amet ut ipsam nostrum aut. Ut earum ad et dolore ullam veniam excepturi. Qui deserunt ipsum totam non nihil et voluptatem.', 0, 1, '2017-08-19 10:13:46');
INSERT INTO `messages` (`from_user_id`, `to_user_id`, `body`, `important`, `delivered`, `created_at`) VALUES (2, 2, 'Aliquid consectetur qui aut neque commodi voluptas est. Perspiciatis et doloribus aut omnis. Eos eum architecto cupiditate tempora omnis. Iste et architecto et neque at sit laborum.', 0, 1, '1976-09-06 08:29:26');
INSERT INTO `messages` (`from_user_id`, `to_user_id`, `body`, `important`, `delivered`, `created_at`) VALUES (3, 3, 'Ut ut est sint est suscipit quia. Iste ipsum qui ut soluta vitae iusto.', 1, 1, '1994-02-02 00:44:17');
INSERT INTO `messages` (`from_user_id`, `to_user_id`, `body`, `important`, `delivered`, `created_at`) VALUES (4, 4, 'Officia est est totam nemo illo fugit voluptas. Ab quo qui voluptatem. Rem vel consectetur asperiores amet saepe omnis vitae. Consequatur omnis et optio eius distinctio reiciendis enim voluptas. Perferendis facere sit itaque expedita.', 0, 0, '1976-07-21 10:54:32');
INSERT INTO `messages` (`from_user_id`, `to_user_id`, `body`, `important`, `delivered`, `created_at`) VALUES (5, 5, 'Qui totam vero voluptatum unde expedita dicta autem. Dignissimos aliquam velit ab. Molestias nihil et veritatis tempore exercitationem. Dolorum repudiandae maiores facere est ut dolore cumque. Aut quas exercitationem velit quae.', 1, 0, '2006-09-16 08:45:52');
INSERT INTO `messages` (`from_user_id`, `to_user_id`, `body`, `important`, `delivered`, `created_at`) VALUES (6, 6, 'Molestias repudiandae sint provident amet. Veritatis illo ipsam ex. Eum est ipsum rerum sed et animi. Reprehenderit ab et eligendi voluptatibus.', 1, 1, '1997-03-19 08:31:50');
INSERT INTO `messages` (`from_user_id`, `to_user_id`, `body`, `important`, `delivered`, `created_at`) VALUES (7, 7, 'Impedit hic occaecati aut eum et aut sunt. Perspiciatis voluptatem nam quidem deserunt. Deleniti modi suscipit libero nisi.', 1, 0, '2002-12-07 17:34:11');
INSERT INTO `messages` (`from_user_id`, `to_user_id`, `body`, `important`, `delivered`, `created_at`) VALUES (8, 8, 'Et neque debitis est sapiente ullam quia. Pariatur vitae delectus voluptatem natus omnis.', 1, 0, '2005-10-08 12:33:52');
INSERT INTO `messages` (`from_user_id`, `to_user_id`, `body`, `important`, `delivered`, `created_at`) VALUES (9, 9, 'Tempore eum dolores aut cupiditate omnis harum. Et voluptatem quidem praesentium reiciendis omnis incidunt enim ullam. Impedit dignissimos sit vitae nobis aut ipsum fuga eius. Voluptates sit delectus reprehenderit soluta. Quo est quisquam consequuntur quam aut officiis voluptas.', 0, 0, '1996-04-18 02:44:40');
INSERT INTO `messages` (`from_user_id`, `to_user_id`, `body`, `important`, `delivered`, `created_at`) VALUES (10, 10, 'Commodi et voluptates deserunt. Sit fugit odio accusantium quia. Voluptas dolores et fugit perferendis laudantium id quo illum.', 1, 1, '1972-10-10 21:55:19');
INSERT INTO `messages` (`from_user_id`, `to_user_id`, `body`, `important`, `delivered`, `created_at`) VALUES (11, 11, 'Nostrum ut quo perspiciatis quia. Voluptatem eos doloribus sapiente totam repellat numquam occaecati. Delectus facere at et dolor labore.', 0, 1, '1994-03-03 07:07:37');
INSERT INTO `messages` (`from_user_id`, `to_user_id`, `body`, `important`, `delivered`, `created_at`) VALUES (12, 12, 'Expedita dolorem et eos tempora inventore ut velit rerum. Nihil sequi fugit corporis neque qui voluptate iste. Eos rem nobis architecto velit sunt libero.', 1, 1, '2008-03-20 07:41:17');
INSERT INTO `messages` (`from_user_id`, `to_user_id`, `body`, `important`, `delivered`, `created_at`) VALUES (13, 13, 'Aut suscipit doloremque molestiae sequi aperiam et eos. Ipsam ut sint perferendis et.', 1, 1, '1978-11-02 11:49:17');
INSERT INTO `messages` (`from_user_id`, `to_user_id`, `body`, `important`, `delivered`, `created_at`) VALUES (14, 14, 'Harum harum maxime perspiciatis et aut vel. Quis autem neque autem consequatur ea expedita.', 0, 1, '2007-01-17 20:31:22');
INSERT INTO `messages` (`from_user_id`, `to_user_id`, `body`, `important`, `delivered`, `created_at`) VALUES (15, 15, 'Autem sunt ipsam voluptatem harum molestiae. Sequi quasi quibusdam nostrum sit ratione qui esse occaecati. Exercitationem neque molestiae quidem eaque maxime itaque.', 1, 1, '2008-05-02 13:37:49');
INSERT INTO `messages` (`from_user_id`, `to_user_id`, `body`, `important`, `delivered`, `created_at`) VALUES (16, 16, 'Nihil sequi ea aut et. Velit voluptatem iusto eum optio tenetur. Minus aliquam autem iure optio. Aliquam odit ullam placeat atque quis ut. Qui odit non ea.', 0, 0, '1997-07-19 10:06:02');
INSERT INTO `messages` (`from_user_id`, `to_user_id`, `body`, `important`, `delivered`, `created_at`) VALUES (17, 17, 'Est sunt labore illum tenetur quod. Reiciendis facere molestiae distinctio quo modi facere. Veniam sunt est sit velit explicabo nihil recusandae.', 0, 1, '1985-12-08 09:14:44');
INSERT INTO `messages` (`from_user_id`, `to_user_id`, `body`, `important`, `delivered`, `created_at`) VALUES (18, 18, 'Assumenda aut officiis eos quaerat est. Id non ducimus aut quam architecto. Dolorum explicabo non rerum totam eligendi.', 0, 1, '2012-05-20 15:48:00');
INSERT INTO `messages` (`from_user_id`, `to_user_id`, `body`, `important`, `delivered`, `created_at`) VALUES (19, 19, 'A exercitationem laboriosam consequatur debitis repudiandae. Laudantium sunt et aut libero dolorem ipsam expedita.', 0, 0, '1996-12-23 06:19:15');
INSERT INTO `messages` (`from_user_id`, `to_user_id`, `body`, `important`, `delivered`, `created_at`) VALUES (20, 20, 'Repellat quis dignissimos itaque accusamus. Saepe recusandae eligendi pariatur nobis doloremque repellendus. Quasi consectetur quia velit. At saepe est error dolorem neque nostrum fugiat.', 1, 0, '2015-10-02 07:04:49');
INSERT INTO `messages` (`from_user_id`, `to_user_id`, `body`, `important`, `delivered`, `created_at`) VALUES (21, 21, 'Vel repellat tempore accusamus ut et. Tenetur corrupti enim deleniti quis ullam sit. Blanditiis repellat quo non sunt et quia iste quis. Ea in aut cum et dicta sed quia neque.', 1, 1, '2007-09-06 02:03:36');
INSERT INTO `messages` (`from_user_id`, `to_user_id`, `body`, `important`, `delivered`, `created_at`) VALUES (22, 22, 'Sint pariatur accusamus maiores magnam consectetur aspernatur quia. Eveniet sapiente ad delectus et. Pariatur aliquam consequatur ut aliquam sunt. Maxime et aliquid quam sint modi enim ad. Illum aut dolorem omnis ut sit delectus.', 1, 1, '1985-05-25 13:49:32');
INSERT INTO `messages` (`from_user_id`, `to_user_id`, `body`, `important`, `delivered`, `created_at`) VALUES (23, 23, 'Earum sed et quidem non optio quisquam. Rerum fugiat quam dolorum eos corporis et. Aut blanditiis eligendi aut odit eligendi enim.', 1, 0, '1995-02-20 22:38:32');
INSERT INTO `messages` (`from_user_id`, `to_user_id`, `body`, `important`, `delivered`, `created_at`) VALUES (24, 24, 'Commodi error ducimus dignissimos itaque delectus mollitia quos. Eaque delectus fuga cum non quidem. Enim quis est modi illum rerum optio ipsa.', 0, 0, '2001-02-18 19:56:47');
INSERT INTO `messages` (`from_user_id`, `to_user_id`, `body`, `important`, `delivered`, `created_at`) VALUES (25, 25, 'Tempore ad corrupti tenetur enim. Voluptatem aut ut laboriosam et odit nesciunt. Modi et earum rerum dolores ex nostrum. Dolorum recusandae molestiae accusamus quas qui. Aliquam nesciunt odio laudantium consequatur id porro et.', 0, 1, '1986-07-25 22:32:06');
INSERT INTO `messages` (`from_user_id`, `to_user_id`, `body`, `important`, `delivered`, `created_at`) VALUES (26, 26, 'Harum sit dolores eos eum. Exercitationem explicabo in voluptas eum. Rerum nulla ipsam et repudiandae molestiae laborum.', 1, 0, '1973-03-23 11:20:41');
INSERT INTO `messages` (`from_user_id`, `to_user_id`, `body`, `important`, `delivered`, `created_at`) VALUES (27, 27, 'Et consequuntur repellat id facere vitae sunt. Quia voluptas et qui aut qui. Nihil aut iste voluptas saepe.', 1, 1, '1990-07-11 01:52:04');
INSERT INTO `messages` (`from_user_id`, `to_user_id`, `body`, `important`, `delivered`, `created_at`) VALUES (28, 28, 'Eligendi qui tempore dolor quisquam aliquid consequatur. Facilis repudiandae iure omnis. Qui et vel aspernatur consequuntur ut distinctio. Necessitatibus nemo explicabo hic non numquam nam.', 0, 0, '1978-04-25 05:17:38');
INSERT INTO `messages` (`from_user_id`, `to_user_id`, `body`, `important`, `delivered`, `created_at`) VALUES (29, 29, 'Vero aliquam numquam sed dicta dolorem. Beatae sed sapiente distinctio. Eligendi debitis quo sit corporis.', 1, 1, '2018-08-25 15:34:02');
INSERT INTO `messages` (`from_user_id`, `to_user_id`, `body`, `important`, `delivered`, `created_at`) VALUES (30, 30, 'Atque earum minima maiores quo. Animi recusandae et enim aut. Quo exercitationem odit ut nobis explicabo ea neque quaerat. Quidem aspernatur laudantium et eveniet veritatis blanditiis.', 1, 0, '1973-01-27 01:18:04');
INSERT INTO `messages` (`from_user_id`, `to_user_id`, `body`, `important`, `delivered`, `created_at`) VALUES (31, 31, 'Molestias quam tenetur vero vel assumenda. Reiciendis quis omnis et voluptas. Voluptas ut eveniet iusto sint. Praesentium ut quia quia ipsa distinctio reiciendis eligendi.', 0, 0, '1988-07-02 06:35:08');
INSERT INTO `messages` (`from_user_id`, `to_user_id`, `body`, `important`, `delivered`, `created_at`) VALUES (32, 32, 'Omnis sed nemo incidunt officia. Autem veniam iusto aut consequuntur laborum sit ut.', 0, 0, '1986-01-29 06:30:03');
INSERT INTO `messages` (`from_user_id`, `to_user_id`, `body`, `important`, `delivered`, `created_at`) VALUES (33, 33, 'Sint dolorum adipisci ea saepe. Id dicta deleniti placeat. Est cumque mollitia consequatur illo ea. Et et aut nemo provident dignissimos.', 0, 0, '2007-11-15 09:15:13');
INSERT INTO `messages` (`from_user_id`, `to_user_id`, `body`, `important`, `delivered`, `created_at`) VALUES (34, 34, 'Dolore veritatis iusto quis iure sit voluptas quas. Et provident eos nobis delectus perferendis error ratione. Consequatur qui amet culpa facilis. Nihil eum beatae dolore similique maiores dignissimos enim.', 0, 1, '2004-03-21 10:03:31');
INSERT INTO `messages` (`from_user_id`, `to_user_id`, `body`, `important`, `delivered`, `created_at`) VALUES (35, 35, 'Autem non minima iste ducimus repellat esse. Amet perspiciatis sit eaque velit repudiandae. Harum eveniet culpa laudantium et voluptas nisi.', 1, 0, '1992-08-09 15:55:07');
INSERT INTO `messages` (`from_user_id`, `to_user_id`, `body`, `important`, `delivered`, `created_at`) VALUES (36, 36, 'Officia aliquid ipsam odio ut. Dolorum itaque consequatur ipsam voluptatem. Et qui ut ducimus aliquid fugiat reiciendis quisquam repellat. Sed ad commodi molestiae et ut aut quaerat.', 0, 1, '1983-07-12 01:29:52');
INSERT INTO `messages` (`from_user_id`, `to_user_id`, `body`, `important`, `delivered`, `created_at`) VALUES (37, 37, 'Suscipit velit ut impedit. Iure praesentium nulla maxime earum vitae dolores. Nulla qui qui excepturi. Et maxime libero quo saepe expedita quae qui.', 0, 0, '1970-06-06 01:15:46');
INSERT INTO `messages` (`from_user_id`, `to_user_id`, `body`, `important`, `delivered`, `created_at`) VALUES (38, 38, 'Natus molestias nihil rem voluptatem inventore fugit vero dolores. Omnis velit iusto accusantium sit enim. Rem pariatur consequatur quia vitae aperiam. Atque provident quasi qui voluptates earum.', 0, 0, '1996-08-15 07:24:17');
INSERT INTO `messages` (`from_user_id`, `to_user_id`, `body`, `important`, `delivered`, `created_at`) VALUES (39, 39, 'Dolor quae quibusdam rerum et aut. Quisquam sapiente beatae consequatur qui eaque. Quia quam assumenda rerum.', 1, 1, '1980-09-08 03:19:13');
INSERT INTO `messages` (`from_user_id`, `to_user_id`, `body`, `important`, `delivered`, `created_at`) VALUES (40, 40, 'Dolorem eaque autem facilis sed aut. Facilis praesentium incidunt debitis. Tempora quisquam saepe porro aliquid sed ipsam atque velit. Velit unde minima sed delectus.', 1, 1, '1999-07-21 06:13:40');
INSERT INTO `messages` (`from_user_id`, `to_user_id`, `body`, `important`, `delivered`, `created_at`) VALUES (41, 41, 'Enim animi et quasi ullam est voluptas. Quia quas non aut doloribus laudantium. Iure voluptatum excepturi nostrum dicta dolor libero. Omnis ex neque in eos omnis.', 0, 1, '1974-12-26 23:30:18');
INSERT INTO `messages` (`from_user_id`, `to_user_id`, `body`, `important`, `delivered`, `created_at`) VALUES (42, 42, 'Sed ullam exercitationem minus animi delectus illum ipsum cumque. Velit aut fugiat quo est alias dolor eos. Rerum quisquam ratione aliquid commodi et et in. Dicta quo animi sit rerum nemo odit.', 0, 1, '2013-04-09 23:33:33');
INSERT INTO `messages` (`from_user_id`, `to_user_id`, `body`, `important`, `delivered`, `created_at`) VALUES (43, 43, 'Esse doloremque incidunt iste repudiandae odio. Pariatur velit vitae architecto iste aut consequatur ullam. Dolores voluptates in sit est. Corrupti beatae quia perspiciatis et voluptatibus animi.', 0, 0, '1987-07-28 17:41:43');
INSERT INTO `messages` (`from_user_id`, `to_user_id`, `body`, `important`, `delivered`, `created_at`) VALUES (44, 44, 'A et tempore magni. Placeat qui a rem odio deleniti. Ea fugit delectus ea eveniet quibusdam enim sit. Magnam suscipit voluptas et voluptatem natus.', 0, 1, '1987-02-13 22:29:01');
INSERT INTO `messages` (`from_user_id`, `to_user_id`, `body`, `important`, `delivered`, `created_at`) VALUES (45, 45, 'Dicta consequuntur magni est illum nemo assumenda at animi. Ut ut nisi nihil amet odio maxime. Ex at quaerat doloribus perferendis aliquam pariatur eum.', 0, 0, '1986-10-29 15:01:55');
INSERT INTO `messages` (`from_user_id`, `to_user_id`, `body`, `important`, `delivered`, `created_at`) VALUES (46, 46, 'Qui eligendi perspiciatis modi sunt nisi nemo deserunt. Nihil rerum recusandae aspernatur saepe nostrum. Molestias consectetur aut eum consequatur omnis perferendis molestiae. Iusto est incidunt dolorem sint ut expedita. Voluptatem adipisci a non.', 1, 0, '2016-11-30 04:22:53');
INSERT INTO `messages` (`from_user_id`, `to_user_id`, `body`, `important`, `delivered`, `created_at`) VALUES (47, 47, 'Sequi ut vitae nostrum laboriosam. Error voluptates numquam deserunt voluptatum modi est.', 1, 1, '2015-11-19 02:48:00');
INSERT INTO `messages` (`from_user_id`, `to_user_id`, `body`, `important`, `delivered`, `created_at`) VALUES (48, 48, 'Et unde necessitatibus non eveniet quaerat. Illum ea quod eaque quo dolor sit non. Voluptate et amet ipsum.', 1, 0, '2001-02-15 20:33:09');
INSERT INTO `messages` (`from_user_id`, `to_user_id`, `body`, `important`, `delivered`, `created_at`) VALUES (49, 49, 'Eum tenetur fugit qui et. Amet ipsum recusandae dolorem dolores nisi pariatur. Magnam dicta officia saepe aut quia alias quia. Enim eius recusandae voluptas similique cum.', 0, 1, '1974-01-22 21:52:52');
INSERT INTO `messages` (`from_user_id`, `to_user_id`, `body`, `important`, `delivered`, `created_at`) VALUES (50, 50, 'Ullam eveniet tenetur quasi. Sunt et voluptas consequatur velit. Velit quibusdam et deleniti magni non dolore. Voluptate aliquam neque accusantium praesentium harum accusamus qui.', 1, 1, '1984-05-14 00:29:14');
INSERT INTO `messages` (`from_user_id`, `to_user_id`, `body`, `important`, `delivered`, `created_at`) VALUES (51, 51, 'Esse culpa omnis sit vitae porro. Ut perferendis sit minima nisi dolorem et. Delectus dolore asperiores corrupti qui. Necessitatibus dolor explicabo sequi autem.', 1, 1, '1971-06-03 04:49:52');
INSERT INTO `messages` (`from_user_id`, `to_user_id`, `body`, `important`, `delivered`, `created_at`) VALUES (52, 52, 'Non nostrum quae animi neque hic et sunt quo. Ut perspiciatis et voluptas dolores. Et excepturi qui aperiam non autem voluptatibus.', 1, 0, '1974-07-11 03:45:47');
INSERT INTO `messages` (`from_user_id`, `to_user_id`, `body`, `important`, `delivered`, `created_at`) VALUES (53, 53, 'Ut magnam perspiciatis expedita dicta voluptatem. Aut ad est sed facere dolore voluptate esse.', 0, 0, '1996-03-24 05:46:34');
INSERT INTO `messages` (`from_user_id`, `to_user_id`, `body`, `important`, `delivered`, `created_at`) VALUES (54, 54, 'Culpa in aperiam nisi dignissimos porro nam. Consequuntur non sint id quia vero natus. Quod quia eos soluta aut. Maxime velit et ab.', 0, 1, '1978-09-16 04:05:12');
INSERT INTO `messages` (`from_user_id`, `to_user_id`, `body`, `important`, `delivered`, `created_at`) VALUES (55, 55, 'Officia sunt consectetur tempore laborum nihil. Officia qui quia fuga qui autem. Accusantium enim dolor esse ducimus et fugiat. Sit aut nulla eius excepturi impedit.', 1, 0, '1990-12-20 09:49:03');
INSERT INTO `messages` (`from_user_id`, `to_user_id`, `body`, `important`, `delivered`, `created_at`) VALUES (56, 56, 'Molestiae sed repudiandae soluta et eveniet dolorem. Ut qui deserunt laborum hic officia temporibus. Qui nemo ratione voluptatem vel saepe. Assumenda suscipit velit quos sapiente officia odit laudantium. Natus consequatur ut consectetur sit numquam.', 1, 0, '2002-12-15 19:06:24');
INSERT INTO `messages` (`from_user_id`, `to_user_id`, `body`, `important`, `delivered`, `created_at`) VALUES (57, 57, 'Aliquam ut quidem perspiciatis doloribus dicta eligendi. Minima quia et aspernatur. Qui quibusdam perspiciatis culpa eos quod ut.', 0, 0, '1978-07-06 06:07:16');
INSERT INTO `messages` (`from_user_id`, `to_user_id`, `body`, `important`, `delivered`, `created_at`) VALUES (58, 58, 'Perferendis quia quia doloremque ullam recusandae occaecati. Rerum adipisci illo suscipit veniam eum. Facere ut eligendi corrupti et. Consequatur quas architecto similique modi expedita in eum. Blanditiis molestiae accusantium facere.', 0, 0, '1979-08-13 15:56:06');
INSERT INTO `messages` (`from_user_id`, `to_user_id`, `body`, `important`, `delivered`, `created_at`) VALUES (59, 59, 'Maiores sit quibusdam soluta rem. In assumenda sit porro possimus voluptatibus quod et. Expedita nostrum autem magni voluptas itaque. Similique iusto earum temporibus rerum ipsa iusto.', 0, 1, '2012-05-03 12:03:49');
INSERT INTO `messages` (`from_user_id`, `to_user_id`, `body`, `important`, `delivered`, `created_at`) VALUES (60, 60, 'Autem a aliquid totam. Itaque voluptas est repudiandae ducimus consequuntur rerum et itaque. Vel nesciunt rem tempora aut alias repudiandae alias atque. Nemo natus dolore optio voluptatum.', 1, 1, '1972-05-15 10:56:48');
INSERT INTO `messages` (`from_user_id`, `to_user_id`, `body`, `important`, `delivered`, `created_at`) VALUES (61, 61, 'Reiciendis deleniti consequatur asperiores ullam sed quisquam. Non pariatur consequatur non sed qui. Et exercitationem fuga molestiae eos sed autem. Sint voluptatem perferendis sed similique.', 1, 1, '1997-03-14 09:26:50');
INSERT INTO `messages` (`from_user_id`, `to_user_id`, `body`, `important`, `delivered`, `created_at`) VALUES (62, 62, 'Omnis aspernatur ipsa totam sed. Modi nulla unde magni voluptas aperiam voluptates est. Esse ea dolore voluptas in dolores repellat.', 0, 0, '2012-09-29 03:58:02');
INSERT INTO `messages` (`from_user_id`, `to_user_id`, `body`, `important`, `delivered`, `created_at`) VALUES (63, 63, 'Qui deleniti possimus nostrum omnis nihil temporibus. Commodi veritatis omnis autem porro qui facere ut. Illo in eius voluptatem nesciunt.', 0, 1, '1977-01-07 22:19:42');
INSERT INTO `messages` (`from_user_id`, `to_user_id`, `body`, `important`, `delivered`, `created_at`) VALUES (64, 64, 'Commodi rerum sint qui non libero totam soluta mollitia. Molestiae quo nam omnis eveniet. Aliquid iusto velit ea dignissimos provident. Possimus delectus vero ipsum sit.', 0, 0, '2016-08-20 17:46:31');
INSERT INTO `messages` (`from_user_id`, `to_user_id`, `body`, `important`, `delivered`, `created_at`) VALUES (65, 65, 'Ea fuga ea aliquid incidunt eius aut rerum. Sit adipisci sed nihil eveniet dolore. In odio officiis officia consequatur ut. Voluptas in deleniti architecto rerum consequatur cum voluptates.', 1, 0, '1985-07-18 13:54:58');
INSERT INTO `messages` (`from_user_id`, `to_user_id`, `body`, `important`, `delivered`, `created_at`) VALUES (66, 66, 'Eius occaecati corrupti impedit dicta quia blanditiis dicta. Sequi praesentium veniam cumque. Expedita cumque error dolor.', 0, 1, '2012-12-30 10:00:24');
INSERT INTO `messages` (`from_user_id`, `to_user_id`, `body`, `important`, `delivered`, `created_at`) VALUES (67, 67, 'Quisquam magnam dicta ut cupiditate deleniti ut. Veniam et iure eius in. Laboriosam fugiat delectus deserunt minus. Ducimus ab dolores molestias rem eaque. Sit sed non dolores nesciunt aperiam in.', 0, 0, '1998-10-07 09:42:32');
INSERT INTO `messages` (`from_user_id`, `to_user_id`, `body`, `important`, `delivered`, `created_at`) VALUES (68, 68, 'Consequatur consequatur fugit atque iure non sint est. Sit non nobis sit recusandae non et animi. Dolor sapiente fugit perspiciatis earum. Aut quod corrupti necessitatibus rerum maxime eos quia.', 0, 1, '1971-08-25 01:29:55');
INSERT INTO `messages` (`from_user_id`, `to_user_id`, `body`, `important`, `delivered`, `created_at`) VALUES (69, 69, 'Ut velit culpa aspernatur quia qui et atque. Quaerat nemo architecto error aut saepe doloremque. Illum accusamus officiis aspernatur esse eius molestias. Id occaecati quasi consequatur.', 1, 1, '1993-05-26 01:19:11');
INSERT INTO `messages` (`from_user_id`, `to_user_id`, `body`, `important`, `delivered`, `created_at`) VALUES (70, 70, 'Saepe soluta enim laboriosam et voluptates harum. Amet at enim modi. Ut architecto doloremque voluptates vitae tempora qui.', 0, 1, '2016-01-28 13:40:33');
INSERT INTO `messages` (`from_user_id`, `to_user_id`, `body`, `important`, `delivered`, `created_at`) VALUES (71, 71, 'Accusamus voluptate architecto a autem debitis. Aut quas modi numquam numquam quia cupiditate deleniti. Modi eos saepe nesciunt voluptas maxime omnis. Et tempore porro consequatur voluptatum dicta consectetur.', 1, 0, '1973-07-27 19:53:19');
INSERT INTO `messages` (`from_user_id`, `to_user_id`, `body`, `important`, `delivered`, `created_at`) VALUES (72, 72, 'Unde ullam ducimus velit et quibusdam tempore ipsa rem. Ut minus ullam culpa voluptates aut vero maiores. Aut enim in veniam veritatis.', 1, 1, '1989-06-05 14:35:41');
INSERT INTO `messages` (`from_user_id`, `to_user_id`, `body`, `important`, `delivered`, `created_at`) VALUES (73, 73, 'Possimus excepturi nulla non. Veritatis harum similique molestias qui blanditiis voluptas. Non numquam tenetur praesentium et architecto in officiis. Est quaerat cumque nihil quae.', 1, 0, '2016-08-09 18:33:30');
INSERT INTO `messages` (`from_user_id`, `to_user_id`, `body`, `important`, `delivered`, `created_at`) VALUES (74, 74, 'Accusantium esse dolorem quisquam. Ipsa illo dolores pariatur sed. Delectus totam est officia quas soluta.', 1, 0, '2008-04-10 05:25:11');
INSERT INTO `messages` (`from_user_id`, `to_user_id`, `body`, `important`, `delivered`, `created_at`) VALUES (75, 75, 'Repudiandae quas non molestiae non ipsa. Quam libero earum beatae harum.', 0, 0, '2015-05-10 10:18:36');
INSERT INTO `messages` (`from_user_id`, `to_user_id`, `body`, `important`, `delivered`, `created_at`) VALUES (76, 76, 'Velit eligendi expedita cupiditate repellendus sit. Quod vel corporis et libero laborum et. Voluptas in voluptates at culpa adipisci. Cupiditate reiciendis aut alias voluptatem consequatur velit.', 0, 0, '1973-10-13 11:25:37');
INSERT INTO `messages` (`from_user_id`, `to_user_id`, `body`, `important`, `delivered`, `created_at`) VALUES (77, 77, 'Labore dolorum sed quia quo tempore praesentium cumque. Odio ipsam quae maiores nam sunt fugit. Rerum debitis nulla facilis nihil.', 0, 0, '2001-01-02 17:35:04');
INSERT INTO `messages` (`from_user_id`, `to_user_id`, `body`, `important`, `delivered`, `created_at`) VALUES (78, 78, 'Delectus numquam aut dolores est. Iste velit quaerat occaecati saepe. Minus commodi distinctio exercitationem eveniet rem rerum.', 1, 0, '2007-01-03 19:26:59');
INSERT INTO `messages` (`from_user_id`, `to_user_id`, `body`, `important`, `delivered`, `created_at`) VALUES (79, 79, 'Voluptatibus sed repellat et facere magnam. Quibusdam et sit animi voluptates aperiam facilis id et. Eveniet a perferendis perferendis ea fuga et ratione. Ut nam et id animi eveniet dolorem dolores.', 0, 1, '2013-08-23 18:14:39');
INSERT INTO `messages` (`from_user_id`, `to_user_id`, `body`, `important`, `delivered`, `created_at`) VALUES (80, 80, 'Rem tempora sint rerum recusandae ducimus. Doloribus et illum facere debitis facilis sit. Quos doloribus animi quia aut qui.', 0, 0, '1981-11-08 13:30:47');
INSERT INTO `messages` (`from_user_id`, `to_user_id`, `body`, `important`, `delivered`, `created_at`) VALUES (81, 81, 'Quasi est fugiat ut consequuntur hic repudiandae maxime. Exercitationem quasi autem ut non sint. In laborum illum sit beatae dolore. Delectus ut sint sit molestiae.', 1, 0, '2000-07-07 07:03:51');
INSERT INTO `messages` (`from_user_id`, `to_user_id`, `body`, `important`, `delivered`, `created_at`) VALUES (82, 82, 'Neque maxime necessitatibus amet error sit ut tempora. Officiis minima dicta incidunt ad autem dolorem omnis laudantium. Omnis optio velit in qui sapiente. Voluptatibus tempore velit repudiandae eum rem.', 0, 1, '1990-08-09 22:47:59');
INSERT INTO `messages` (`from_user_id`, `to_user_id`, `body`, `important`, `delivered`, `created_at`) VALUES (83, 83, 'Ipsa animi eaque minus sit velit. Necessitatibus omnis molestias sit omnis. Eveniet deleniti a voluptatem eum velit. Distinctio porro ipsam aspernatur aut possimus quo.', 0, 0, '1984-07-17 12:05:41');
INSERT INTO `messages` (`from_user_id`, `to_user_id`, `body`, `important`, `delivered`, `created_at`) VALUES (84, 84, 'Blanditiis aliquid similique qui non sed. Rem et quis dolorem voluptate aspernatur. In quis incidunt tempora vel et.', 0, 1, '1994-08-19 16:00:50');
INSERT INTO `messages` (`from_user_id`, `to_user_id`, `body`, `important`, `delivered`, `created_at`) VALUES (85, 85, 'Et dolores facilis blanditiis voluptas laudantium. Suscipit dignissimos maiores dignissimos quod ut. Minima totam velit reiciendis omnis voluptas illum. Veniam officia excepturi dolores officiis harum praesentium laborum.', 1, 0, '1988-02-10 15:28:21');
INSERT INTO `messages` (`from_user_id`, `to_user_id`, `body`, `important`, `delivered`, `created_at`) VALUES (86, 86, 'Illum quis velit error itaque. Doloremque laboriosam quidem odit est non eius facere. Quia voluptatem facilis quos dignissimos aperiam sunt consequuntur.', 0, 1, '2017-03-08 21:49:40');
INSERT INTO `messages` (`from_user_id`, `to_user_id`, `body`, `important`, `delivered`, `created_at`) VALUES (87, 87, 'Quia beatae perspiciatis est repudiandae natus soluta. Et sed quae reiciendis voluptatem accusamus aut voluptas. Distinctio ut itaque aut iste distinctio iusto quis.', 0, 0, '1982-03-25 19:18:35');
INSERT INTO `messages` (`from_user_id`, `to_user_id`, `body`, `important`, `delivered`, `created_at`) VALUES (88, 88, 'Deserunt modi dolor et et asperiores placeat. Eos et corrupti maiores est qui. Cumque voluptatum optio voluptas quia sint sit illo iure. Deleniti vel in corrupti tenetur ut nulla quaerat.', 0, 1, '2001-11-08 12:16:01');
INSERT INTO `messages` (`from_user_id`, `to_user_id`, `body`, `important`, `delivered`, `created_at`) VALUES (89, 89, 'Ea animi architecto velit hic deserunt. Eligendi odit ex et aperiam quae. Non neque molestiae ea blanditiis quod. Possimus voluptas velit ipsam iusto vel ut.', 1, 1, '1990-09-04 16:43:16');
INSERT INTO `messages` (`from_user_id`, `to_user_id`, `body`, `important`, `delivered`, `created_at`) VALUES (90, 90, 'Eaque veritatis excepturi quo laborum quia facere. Consequatur rem autem non quisquam nemo non. Explicabo laboriosam eveniet rerum sed libero. Cum dolor accusantium laborum.', 1, 1, '1970-02-10 23:40:54');
INSERT INTO `messages` (`from_user_id`, `to_user_id`, `body`, `important`, `delivered`, `created_at`) VALUES (91, 91, 'Ipsam enim odio nostrum mollitia nostrum ex. Occaecati aut facere voluptate amet et dolor. Provident nihil corporis voluptas. Id veniam sed ut nisi quo quisquam eum. Fuga necessitatibus quas numquam iste similique excepturi ex.', 0, 1, '1999-09-11 23:39:47');
INSERT INTO `messages` (`from_user_id`, `to_user_id`, `body`, `important`, `delivered`, `created_at`) VALUES (92, 92, 'Quas dolorem dolores reiciendis itaque qui. Aspernatur nam aliquid sint molestiae aut deserunt. Et dicta doloribus nesciunt rem et. Fugiat sint et quas unde vel dignissimos sit.', 1, 0, '1992-06-22 09:33:07');
INSERT INTO `messages` (`from_user_id`, `to_user_id`, `body`, `important`, `delivered`, `created_at`) VALUES (93, 93, 'Odio aspernatur voluptates architecto consequatur non. Nulla fugit laborum aut ipsam. In rem iusto maiores et alias beatae earum sunt.', 1, 1, '1998-10-13 17:14:08');
INSERT INTO `messages` (`from_user_id`, `to_user_id`, `body`, `important`, `delivered`, `created_at`) VALUES (94, 94, 'Cupiditate repellendus aut sequi consequuntur. Reiciendis et repellendus perferendis eos voluptatem qui. Nostrum voluptas ut aliquid et iusto ut a. Mollitia necessitatibus amet suscipit quisquam voluptas veritatis beatae a.', 1, 1, '1991-12-11 12:18:16');
INSERT INTO `messages` (`from_user_id`, `to_user_id`, `body`, `important`, `delivered`, `created_at`) VALUES (95, 95, 'Exercitationem corrupti consectetur ex. Dolore unde iste culpa tempore voluptatem itaque officiis accusamus. Aliquid in et voluptates quia nihil rerum et.', 0, 0, '1975-12-04 19:31:34');
INSERT INTO `messages` (`from_user_id`, `to_user_id`, `body`, `important`, `delivered`, `created_at`) VALUES (96, 96, 'Perferendis inventore officia veniam magni ut non quo saepe. Sint quasi odit voluptatem et saepe rerum. Asperiores sunt rem quos doloremque aut ut accusamus omnis.', 1, 0, '2010-09-19 22:43:18');
INSERT INTO `messages` (`from_user_id`, `to_user_id`, `body`, `important`, `delivered`, `created_at`) VALUES (97, 97, 'Non pariatur modi totam minima. Eum commodi earum et fugiat. Perspiciatis est ipsum maiores modi beatae.', 1, 0, '2002-05-23 03:35:26');
INSERT INTO `messages` (`from_user_id`, `to_user_id`, `body`, `important`, `delivered`, `created_at`) VALUES (98, 98, 'Sapiente asperiores beatae et reiciendis. Hic ut atque et distinctio non vitae.', 0, 1, '1972-11-11 10:31:49');
INSERT INTO `messages` (`from_user_id`, `to_user_id`, `body`, `important`, `delivered`, `created_at`) VALUES (99, 99, 'Voluptas dignissimos sapiente alias quae. Maxime eaque neque ut odit velit maiores in cupiditate. Suscipit at culpa ut qui veritatis.', 0, 0, '2004-06-21 14:11:11');
INSERT INTO `messages` (`from_user_id`, `to_user_id`, `body`, `important`, `delivered`, `created_at`) VALUES (100, 100, 'Molestiae dignissimos excepturi sit et provident dolorem expedita. Quis voluptates temporibus fuga consectetur pariatur assumenda harum. Est ducimus consectetur sed soluta occaecati expedita. Quia maiores consequatur molestias sit modi.', 1, 1, '2016-11-29 03:11:18');



INSERT INTO `profiles` (`user_id`, `sex`, `birthday`, `hometown`, `photo_id`) VALUES (1, 'D', '1989-04-16', 'South Ernabury', 1);
INSERT INTO `profiles` (`user_id`, `sex`, `birthday`, `hometown`, `photo_id`) VALUES (2, 'D', '2017-11-25', 'East Antoniaborough', 2);
INSERT INTO `profiles` (`user_id`, `sex`, `birthday`, `hometown`, `photo_id`) VALUES (3, 'D', '1995-05-23', 'Lake Margret', 3);
INSERT INTO `profiles` (`user_id`, `sex`, `birthday`, `hometown`, `photo_id`) VALUES (4, 'P', '1976-07-06', 'South Stuartchester', 4);
INSERT INTO `profiles` (`user_id`, `sex`, `birthday`, `hometown`, `photo_id`) VALUES (5, 'M', '1978-03-27', 'Hellerburgh', 5);
INSERT INTO `profiles` (`user_id`, `sex`, `birthday`, `hometown`, `photo_id`) VALUES (6, 'P', '1980-01-24', 'Christopberg', 6);
INSERT INTO `profiles` (`user_id`, `sex`, `birthday`, `hometown`, `photo_id`) VALUES (7, 'M', '1989-09-27', 'Kaileeville', 7);
INSERT INTO `profiles` (`user_id`, `sex`, `birthday`, `hometown`, `photo_id`) VALUES (8, 'D', '1998-09-28', 'Winnifredport', 8);
INSERT INTO `profiles` (`user_id`, `sex`, `birthday`, `hometown`, `photo_id`) VALUES (9, 'D', '1990-09-25', 'Murphyview', 9);
INSERT INTO `profiles` (`user_id`, `sex`, `birthday`, `hometown`, `photo_id`) VALUES (10, 'D', '1974-04-10', 'Kuphalmouth', 10);
INSERT INTO `profiles` (`user_id`, `sex`, `birthday`, `hometown`, `photo_id`) VALUES (11, 'D', '2012-02-05', 'East Maya', 11);
INSERT INTO `profiles` (`user_id`, `sex`, `birthday`, `hometown`, `photo_id`) VALUES (12, 'D', '2011-12-15', 'East Dandre', 12);
INSERT INTO `profiles` (`user_id`, `sex`, `birthday`, `hometown`, `photo_id`) VALUES (13, 'P', '1984-09-18', 'Clementineshire', 13);
INSERT INTO `profiles` (`user_id`, `sex`, `birthday`, `hometown`, `photo_id`) VALUES (14, 'D', '1996-07-19', 'South Cotyburgh', 14);
INSERT INTO `profiles` (`user_id`, `sex`, `birthday`, `hometown`, `photo_id`) VALUES (15, 'M', '1991-05-15', 'Kailynside', 15);
INSERT INTO `profiles` (`user_id`, `sex`, `birthday`, `hometown`, `photo_id`) VALUES (16, 'D', '2011-10-03', 'Lake Samson', 16);
INSERT INTO `profiles` (`user_id`, `sex`, `birthday`, `hometown`, `photo_id`) VALUES (17, 'M', '1998-04-01', 'Janiceville', 17);
INSERT INTO `profiles` (`user_id`, `sex`, `birthday`, `hometown`, `photo_id`) VALUES (18, 'P', '1999-07-05', 'Olivermouth', 18);
INSERT INTO `profiles` (`user_id`, `sex`, `birthday`, `hometown`, `photo_id`) VALUES (19, 'M', '2016-06-17', 'Torphyshire', 19);
INSERT INTO `profiles` (`user_id`, `sex`, `birthday`, `hometown`, `photo_id`) VALUES (20, 'D', '1997-03-13', 'Davisfurt', 20);
INSERT INTO `profiles` (`user_id`, `sex`, `birthday`, `hometown`, `photo_id`) VALUES (21, 'P', '2004-04-12', 'South Enriquehaven', 21);
INSERT INTO `profiles` (`user_id`, `sex`, `birthday`, `hometown`, `photo_id`) VALUES (22, 'P', '1994-07-23', 'North Bridieport', 22);
INSERT INTO `profiles` (`user_id`, `sex`, `birthday`, `hometown`, `photo_id`) VALUES (23, 'P', '2002-05-08', 'Port Isabella', 23);
INSERT INTO `profiles` (`user_id`, `sex`, `birthday`, `hometown`, `photo_id`) VALUES (24, 'M', '1991-07-26', 'Scarlettside', 24);
INSERT INTO `profiles` (`user_id`, `sex`, `birthday`, `hometown`, `photo_id`) VALUES (25, 'M', '1994-11-04', 'Port Sylvester', 25);
INSERT INTO `profiles` (`user_id`, `sex`, `birthday`, `hometown`, `photo_id`) VALUES (26, 'M', '2015-03-06', 'Ryleyview', 26);
INSERT INTO `profiles` (`user_id`, `sex`, `birthday`, `hometown`, `photo_id`) VALUES (27, 'P', '2014-06-19', 'Port Triston', 27);
INSERT INTO `profiles` (`user_id`, `sex`, `birthday`, `hometown`, `photo_id`) VALUES (28, 'M', '2004-05-08', 'Hellerburgh', 28);
INSERT INTO `profiles` (`user_id`, `sex`, `birthday`, `hometown`, `photo_id`) VALUES (29, 'P', '2002-08-10', 'Lucioushaven', 29);
INSERT INTO `profiles` (`user_id`, `sex`, `birthday`, `hometown`, `photo_id`) VALUES (30, 'M', '1984-05-21', 'Johnsberg', 30);
INSERT INTO `profiles` (`user_id`, `sex`, `birthday`, `hometown`, `photo_id`) VALUES (31, 'P', '1977-06-02', 'Hammesview', 31);
INSERT INTO `profiles` (`user_id`, `sex`, `birthday`, `hometown`, `photo_id`) VALUES (32, 'M', '2002-05-26', 'Elianbury', 32);
INSERT INTO `profiles` (`user_id`, `sex`, `birthday`, `hometown`, `photo_id`) VALUES (33, 'D', '1991-09-24', 'North Gerardoton', 33);
INSERT INTO `profiles` (`user_id`, `sex`, `birthday`, `hometown`, `photo_id`) VALUES (34, 'P', '1993-09-29', 'West Jarrettborough', 34);
INSERT INTO `profiles` (`user_id`, `sex`, `birthday`, `hometown`, `photo_id`) VALUES (35, 'D', '1988-11-04', 'Horaceville', 35);
INSERT INTO `profiles` (`user_id`, `sex`, `birthday`, `hometown`, `photo_id`) VALUES (36, 'P', '1980-06-30', 'Dustyfurt', 36);
INSERT INTO `profiles` (`user_id`, `sex`, `birthday`, `hometown`, `photo_id`) VALUES (37, 'M', '1974-03-22', 'Port Cruzhaven', 37);
INSERT INTO `profiles` (`user_id`, `sex`, `birthday`, `hometown`, `photo_id`) VALUES (38, 'P', '1988-09-26', 'Ariannamouth', 38);
INSERT INTO `profiles` (`user_id`, `sex`, `birthday`, `hometown`, `photo_id`) VALUES (39, 'P', '1996-04-20', 'North Natside', 39);
INSERT INTO `profiles` (`user_id`, `sex`, `birthday`, `hometown`, `photo_id`) VALUES (40, 'M', '2002-03-17', 'Lake Trevion', 40);
INSERT INTO `profiles` (`user_id`, `sex`, `birthday`, `hometown`, `photo_id`) VALUES (41, 'P', '2011-06-18', 'Port Joshuatown', 41);
INSERT INTO `profiles` (`user_id`, `sex`, `birthday`, `hometown`, `photo_id`) VALUES (42, 'M', '1995-04-21', 'Franeckitown', 42);
INSERT INTO `profiles` (`user_id`, `sex`, `birthday`, `hometown`, `photo_id`) VALUES (43, 'P', '2001-04-02', 'Volkmanton', 43);
INSERT INTO `profiles` (`user_id`, `sex`, `birthday`, `hometown`, `photo_id`) VALUES (44, 'P', '1994-04-26', 'North Margaretehaven', 44);
INSERT INTO `profiles` (`user_id`, `sex`, `birthday`, `hometown`, `photo_id`) VALUES (45, 'M', '1984-03-01', 'Lake Omafort', 45);
INSERT INTO `profiles` (`user_id`, `sex`, `birthday`, `hometown`, `photo_id`) VALUES (46, 'M', '1985-04-24', 'West Gregg', 46);
INSERT INTO `profiles` (`user_id`, `sex`, `birthday`, `hometown`, `photo_id`) VALUES (47, 'D', '1996-04-09', 'Port Jaedenside', 47);
INSERT INTO `profiles` (`user_id`, `sex`, `birthday`, `hometown`, `photo_id`) VALUES (48, 'D', '1986-12-09', 'Ursulahaven', 48);
INSERT INTO `profiles` (`user_id`, `sex`, `birthday`, `hometown`, `photo_id`) VALUES (49, 'D', '1975-08-03', 'East Yolanda', 49);
INSERT INTO `profiles` (`user_id`, `sex`, `birthday`, `hometown`, `photo_id`) VALUES (50, 'M', '1995-03-14', 'Port Kyleightown', 50);
INSERT INTO `profiles` (`user_id`, `sex`, `birthday`, `hometown`, `photo_id`) VALUES (51, 'P', '1982-02-06', 'South Keonville', 51);
INSERT INTO `profiles` (`user_id`, `sex`, `birthday`, `hometown`, `photo_id`) VALUES (52, 'M', '1977-05-05', 'Harrisfurt', 52);
INSERT INTO `profiles` (`user_id`, `sex`, `birthday`, `hometown`, `photo_id`) VALUES (53, 'D', '1995-01-06', 'North Zoie', 53);
INSERT INTO `profiles` (`user_id`, `sex`, `birthday`, `hometown`, `photo_id`) VALUES (54, 'M', '1987-05-08', 'North Jason', 54);
INSERT INTO `profiles` (`user_id`, `sex`, `birthday`, `hometown`, `photo_id`) VALUES (55, 'M', '1984-02-19', 'Leonelmouth', 55);
INSERT INTO `profiles` (`user_id`, `sex`, `birthday`, `hometown`, `photo_id`) VALUES (56, 'D', '2004-12-25', 'Robelborough', 56);
INSERT INTO `profiles` (`user_id`, `sex`, `birthday`, `hometown`, `photo_id`) VALUES (57, 'M', '2005-02-10', 'East Laney', 57);
INSERT INTO `profiles` (`user_id`, `sex`, `birthday`, `hometown`, `photo_id`) VALUES (58, 'M', '1995-06-15', 'East Curtville', 58);
INSERT INTO `profiles` (`user_id`, `sex`, `birthday`, `hometown`, `photo_id`) VALUES (59, 'M', '1986-03-15', 'Port Renee', 59);
INSERT INTO `profiles` (`user_id`, `sex`, `birthday`, `hometown`, `photo_id`) VALUES (60, 'D', '1987-02-17', 'Lake Hallie', 60);
INSERT INTO `profiles` (`user_id`, `sex`, `birthday`, `hometown`, `photo_id`) VALUES (61, 'M', '1974-06-01', 'Mosciskiside', 61);
INSERT INTO `profiles` (`user_id`, `sex`, `birthday`, `hometown`, `photo_id`) VALUES (62, 'P', '2018-12-29', 'Buckridgestad', 62);
INSERT INTO `profiles` (`user_id`, `sex`, `birthday`, `hometown`, `photo_id`) VALUES (63, 'D', '1980-12-07', 'New Geovany', 63);
INSERT INTO `profiles` (`user_id`, `sex`, `birthday`, `hometown`, `photo_id`) VALUES (64, 'M', '1977-03-28', 'New Gladycestad', 64);
INSERT INTO `profiles` (`user_id`, `sex`, `birthday`, `hometown`, `photo_id`) VALUES (65, 'D', '1971-05-23', 'Krajcikmouth', 65);
INSERT INTO `profiles` (`user_id`, `sex`, `birthday`, `hometown`, `photo_id`) VALUES (66, 'D', '2011-07-20', 'Nikolausberg', 66);
INSERT INTO `profiles` (`user_id`, `sex`, `birthday`, `hometown`, `photo_id`) VALUES (67, 'D', '2002-03-13', 'South Merlinberg', 67);
INSERT INTO `profiles` (`user_id`, `sex`, `birthday`, `hometown`, `photo_id`) VALUES (68, 'M', '1998-11-16', 'Lake Nicolaton', 68);
INSERT INTO `profiles` (`user_id`, `sex`, `birthday`, `hometown`, `photo_id`) VALUES (69, 'D', '2009-04-29', 'West Mollie', 69);
INSERT INTO `profiles` (`user_id`, `sex`, `birthday`, `hometown`, `photo_id`) VALUES (70, 'M', '1981-05-06', 'West Nedstad', 70);
INSERT INTO `profiles` (`user_id`, `sex`, `birthday`, `hometown`, `photo_id`) VALUES (71, 'M', '1993-06-10', 'Langworthfurt', 71);
INSERT INTO `profiles` (`user_id`, `sex`, `birthday`, `hometown`, `photo_id`) VALUES (72, 'D', '2005-11-13', 'Orvalstad', 72);
INSERT INTO `profiles` (`user_id`, `sex`, `birthday`, `hometown`, `photo_id`) VALUES (73, 'D', '1982-04-19', 'Loraineville', 73);
INSERT INTO `profiles` (`user_id`, `sex`, `birthday`, `hometown`, `photo_id`) VALUES (74, 'M', '1994-03-08', 'Powlowskiburgh', 74);
INSERT INTO `profiles` (`user_id`, `sex`, `birthday`, `hometown`, `photo_id`) VALUES (75, 'P', '1987-11-18', 'Amelieville', 75);
INSERT INTO `profiles` (`user_id`, `sex`, `birthday`, `hometown`, `photo_id`) VALUES (76, 'M', '2009-10-11', 'South Carole', 76);
INSERT INTO `profiles` (`user_id`, `sex`, `birthday`, `hometown`, `photo_id`) VALUES (77, 'D', '2011-12-23', 'Lake Omerhaven', 77);
INSERT INTO `profiles` (`user_id`, `sex`, `birthday`, `hometown`, `photo_id`) VALUES (78, 'P', '1980-12-16', 'Kuhlmanburgh', 78);
INSERT INTO `profiles` (`user_id`, `sex`, `birthday`, `hometown`, `photo_id`) VALUES (79, 'M', '2015-11-02', 'North Reyesbury', 79);
INSERT INTO `profiles` (`user_id`, `sex`, `birthday`, `hometown`, `photo_id`) VALUES (80, 'D', '1974-07-02', 'Lilianestad', 80);
INSERT INTO `profiles` (`user_id`, `sex`, `birthday`, `hometown`, `photo_id`) VALUES (81, 'M', '2003-07-12', 'Aliatown', 81);
INSERT INTO `profiles` (`user_id`, `sex`, `birthday`, `hometown`, `photo_id`) VALUES (82, 'P', '1994-09-08', 'South Ardellastad', 82);
INSERT INTO `profiles` (`user_id`, `sex`, `birthday`, `hometown`, `photo_id`) VALUES (83, 'M', '1997-02-11', 'North Theodoraborough', 83);
INSERT INTO `profiles` (`user_id`, `sex`, `birthday`, `hometown`, `photo_id`) VALUES (84, 'D', '1982-09-28', 'Lake Ashley', 84);
INSERT INTO `profiles` (`user_id`, `sex`, `birthday`, `hometown`, `photo_id`) VALUES (85, 'D', '1988-09-11', 'Beattyside', 85);
INSERT INTO `profiles` (`user_id`, `sex`, `birthday`, `hometown`, `photo_id`) VALUES (86, 'M', '2010-01-08', 'North Sylvia', 86);
INSERT INTO `profiles` (`user_id`, `sex`, `birthday`, `hometown`, `photo_id`) VALUES (87, 'M', '1990-09-04', 'Ignacioport', 87);
INSERT INTO `profiles` (`user_id`, `sex`, `birthday`, `hometown`, `photo_id`) VALUES (88, 'M', '1974-06-24', 'East Irving', 88);
INSERT INTO `profiles` (`user_id`, `sex`, `birthday`, `hometown`, `photo_id`) VALUES (89, 'M', '1984-03-22', 'West Rupert', 89);
INSERT INTO `profiles` (`user_id`, `sex`, `birthday`, `hometown`, `photo_id`) VALUES (90, 'D', '2017-10-04', 'Ellieview', 90);
INSERT INTO `profiles` (`user_id`, `sex`, `birthday`, `hometown`, `photo_id`) VALUES (91, 'D', '1992-09-18', 'South Abdullah', 91);
INSERT INTO `profiles` (`user_id`, `sex`, `birthday`, `hometown`, `photo_id`) VALUES (92, 'M', '2019-06-03', 'South Halliemouth', 92);
INSERT INTO `profiles` (`user_id`, `sex`, `birthday`, `hometown`, `photo_id`) VALUES (93, 'P', '1974-11-13', 'Lebsackmouth', 93);
INSERT INTO `profiles` (`user_id`, `sex`, `birthday`, `hometown`, `photo_id`) VALUES (94, 'D', '2019-03-15', 'Port Destineefurt', 94);
INSERT INTO `profiles` (`user_id`, `sex`, `birthday`, `hometown`, `photo_id`) VALUES (95, 'P', '2007-03-12', 'Lennamouth', 95);
INSERT INTO `profiles` (`user_id`, `sex`, `birthday`, `hometown`, `photo_id`) VALUES (96, 'P', '2005-11-30', 'Port Cindyfort', 96);
INSERT INTO `profiles` (`user_id`, `sex`, `birthday`, `hometown`, `photo_id`) VALUES (97, 'D', '1979-01-10', 'New Chet', 97);
INSERT INTO `profiles` (`user_id`, `sex`, `birthday`, `hometown`, `photo_id`) VALUES (98, 'P', '2003-08-04', 'Predovicmouth', 98);
INSERT INTO `profiles` (`user_id`, `sex`, `birthday`, `hometown`, `photo_id`) VALUES (99, 'D', '2007-07-20', 'Bettefort', 99);
INSERT INTO `profiles` (`user_id`, `sex`, `birthday`, `hometown`, `photo_id`) VALUES (100, 'D', '2004-02-05', 'Lake Solon', 100);



INSERT INTO `users` (`id`, `firstname`, `lastname`, `email`, `phone`, `created_at`, `updated_at`) VALUES (1, 'Wyman', 'Swift', 'toy.aida@example.com', '509.614.5347x52635', '2007-08-22 16:18:38', '1990-12-29 09:52:31');
INSERT INTO `users` (`id`, `firstname`, `lastname`, `email`, `phone`, `created_at`, `updated_at`) VALUES (2, 'Gerda', 'Bayer', 'ustreich@example.net', '(149)779-1175', '1981-03-18 18:55:59', '1990-12-01 14:39:56');
INSERT INTO `users` (`id`, `firstname`, `lastname`, `email`, `phone`, `created_at`, `updated_at`) VALUES (3, 'Adolph', 'Orn', 'tstark@example.com', '1-798-698-2371x55414', '2014-02-25 16:04:38', '2017-05-07 16:27:59');
INSERT INTO `users` (`id`, `firstname`, `lastname`, `email`, `phone`, `created_at`, `updated_at`) VALUES (4, 'Major', 'Kohler', 'ysteuber@example.org', '+76(6)7394871872', '1974-02-14 09:17:51', '1989-07-14 11:32:46');
INSERT INTO `users` (`id`, `firstname`, `lastname`, `email`, `phone`, `created_at`, `updated_at`) VALUES (5, 'Landen', 'Harris', 'liliana.rempel@example.net', '063.798.9260x19212', '1978-07-28 09:48:31', '1982-11-10 21:35:01');
INSERT INTO `users` (`id`, `firstname`, `lastname`, `email`, `phone`, `created_at`, `updated_at`) VALUES (6, 'Adan', 'Luettgen', 'broberts@example.com', '321-379-7392x812', '1989-09-15 13:14:18', '2004-10-06 18:55:08');
INSERT INTO `users` (`id`, `firstname`, `lastname`, `email`, `phone`, `created_at`, `updated_at`) VALUES (7, 'Abigale', 'Bartoletti', 'raheem09@example.com', '843-002-4743x768', '1994-07-06 11:24:36', '1987-12-05 10:08:48');
INSERT INTO `users` (`id`, `firstname`, `lastname`, `email`, `phone`, `created_at`, `updated_at`) VALUES (8, 'Luciano', 'Stehr', 'zdurgan@example.com', '291-774-0274', '1980-01-04 15:55:16', '2015-08-28 15:59:32');
INSERT INTO `users` (`id`, `firstname`, `lastname`, `email`, `phone`, `created_at`, `updated_at`) VALUES (9, 'Abdul', 'Koss', 'barrows.kristoffer@example.com', '+05(3)7818521118', '1998-03-29 15:55:51', '2008-10-12 02:13:22');
INSERT INTO `users` (`id`, `firstname`, `lastname`, `email`, `phone`, `created_at`, `updated_at`) VALUES (10, 'Marc', 'Marks', 'lebsack.sunny@example.com', '06131749086', '2010-09-19 06:28:41', '1997-09-25 06:50:52');
INSERT INTO `users` (`id`, `firstname`, `lastname`, `email`, `phone`, `created_at`, `updated_at`) VALUES (11, 'Frederik', 'Boyle', 'mitchell54@example.com', '(708)855-5416', '2012-11-10 04:52:26', '2002-07-06 16:25:14');
INSERT INTO `users` (`id`, `firstname`, `lastname`, `email`, `phone`, `created_at`, `updated_at`) VALUES (12, 'Jaiden', 'Mohr', 'cleo.boyle@example.com', '946-598-0416x09158', '1999-03-01 04:46:26', '2007-01-24 09:09:13');
INSERT INTO `users` (`id`, `firstname`, `lastname`, `email`, `phone`, `created_at`, `updated_at`) VALUES (13, 'Frederic', 'Wunsch', 'kathryn.considine@example.com', '(606)748-4880', '2004-04-25 02:37:13', '2000-02-21 07:29:58');
INSERT INTO `users` (`id`, `firstname`, `lastname`, `email`, `phone`, `created_at`, `updated_at`) VALUES (14, 'Antonette', 'Streich', 'ernser.daryl@example.org', '+87(5)8087913010', '1974-06-19 02:02:35', '2008-04-12 06:36:53');
INSERT INTO `users` (`id`, `firstname`, `lastname`, `email`, `phone`, `created_at`, `updated_at`) VALUES (15, 'Adrianna', 'Bosco', 'carroll.felicia@example.com', '980.343.6287x27839', '1983-11-28 08:01:25', '1972-06-15 03:40:48');
INSERT INTO `users` (`id`, `firstname`, `lastname`, `email`, `phone`, `created_at`, `updated_at`) VALUES (16, 'Sean', 'Kuphal', 'abelardo.torphy@example.net', '463.990.2121x509', '2009-06-12 06:41:44', '2011-07-28 14:11:18');
INSERT INTO `users` (`id`, `firstname`, `lastname`, `email`, `phone`, `created_at`, `updated_at`) VALUES (17, 'Kiley', 'Predovic', 'dbosco@example.org', '739.209.9840x151', '1970-06-08 13:00:27', '2009-11-18 20:05:52');
INSERT INTO `users` (`id`, `firstname`, `lastname`, `email`, `phone`, `created_at`, `updated_at`) VALUES (18, 'Brett', 'Nolan', 'fahey.marian@example.net', '(702)609-8215x0872', '2014-04-11 17:19:03', '1987-03-24 05:06:32');
INSERT INTO `users` (`id`, `firstname`, `lastname`, `email`, `phone`, `created_at`, `updated_at`) VALUES (19, 'Walter', 'Gulgowski', 'jacey.lang@example.com', '279-877-8010x59302', '1991-08-02 14:22:19', '1988-02-21 04:40:59');
INSERT INTO `users` (`id`, `firstname`, `lastname`, `email`, `phone`, `created_at`, `updated_at`) VALUES (20, 'Missouri', 'Ward', 'dylan.ziemann@example.com', '1-251-367-6374', '2003-10-24 01:36:36', '2003-11-16 02:06:02');
INSERT INTO `users` (`id`, `firstname`, `lastname`, `email`, `phone`, `created_at`, `updated_at`) VALUES (21, 'Crystel', 'Kreiger', 'qokuneva@example.org', '683.996.6540x934', '2002-08-08 16:13:59', '1986-08-22 12:36:03');
INSERT INTO `users` (`id`, `firstname`, `lastname`, `email`, `phone`, `created_at`, `updated_at`) VALUES (22, 'Otha', 'Gerlach', 'xzavier00@example.net', '241-116-3959x141', '1982-01-06 23:53:14', '1992-02-23 22:32:23');
INSERT INTO `users` (`id`, `firstname`, `lastname`, `email`, `phone`, `created_at`, `updated_at`) VALUES (23, 'Tianna', 'Smith', 'xschmidt@example.org', '135-928-5988x454', '1974-08-18 02:49:07', '2015-12-29 06:04:08');
INSERT INTO `users` (`id`, `firstname`, `lastname`, `email`, `phone`, `created_at`, `updated_at`) VALUES (24, 'Rowan', 'Corkery', 'satterfield.mervin@example.com', '+02(9)2808664721', '1995-10-24 12:29:20', '1994-11-30 14:31:13');
INSERT INTO `users` (`id`, `firstname`, `lastname`, `email`, `phone`, `created_at`, `updated_at`) VALUES (25, 'Nya', 'Robel', 'summer92@example.net', '765.436.2744', '1988-07-21 19:14:16', '1994-07-12 08:42:36');
INSERT INTO `users` (`id`, `firstname`, `lastname`, `email`, `phone`, `created_at`, `updated_at`) VALUES (26, 'Alisa', 'Gutkowski', 'amohr@example.net', '126.845.1485x3622', '2009-09-05 22:31:30', '2005-03-23 04:10:08');
INSERT INTO `users` (`id`, `firstname`, `lastname`, `email`, `phone`, `created_at`, `updated_at`) VALUES (27, 'Vergie', 'Herzog', 'clovis.powlowski@example.com', '1-766-240-9313x143', '1992-02-06 00:46:38', '1973-09-11 23:12:17');
INSERT INTO `users` (`id`, `firstname`, `lastname`, `email`, `phone`, `created_at`, `updated_at`) VALUES (28, 'Eddie', 'Walsh', 'reinger.russel@example.com', '1-940-851-8921x53712', '1984-04-12 09:18:18', '1993-02-27 06:15:39');
INSERT INTO `users` (`id`, `firstname`, `lastname`, `email`, `phone`, `created_at`, `updated_at`) VALUES (29, 'Tatum', 'Murray', 'ola.west@example.com', '1-431-943-5236x61962', '1978-09-17 19:52:37', '1978-07-20 10:05:17');
INSERT INTO `users` (`id`, `firstname`, `lastname`, `email`, `phone`, `created_at`, `updated_at`) VALUES (30, 'Anya', 'Runolfsdottir', 'lowe.earnestine@example.net', '829-854-9044', '2013-09-30 10:59:55', '1983-01-16 05:23:43');
INSERT INTO `users` (`id`, `firstname`, `lastname`, `email`, `phone`, `created_at`, `updated_at`) VALUES (31, 'Maurine', 'Mueller', 'reichert.orin@example.net', '691-002-6167', '1975-09-02 07:35:16', '1988-03-11 08:56:47');
INSERT INTO `users` (`id`, `firstname`, `lastname`, `email`, `phone`, `created_at`, `updated_at`) VALUES (32, 'Urban', 'Konopelski', 'koss.bethel@example.com', '+89(6)2392578730', '2010-01-22 16:35:57', '2010-05-11 17:14:07');
INSERT INTO `users` (`id`, `firstname`, `lastname`, `email`, `phone`, `created_at`, `updated_at`) VALUES (33, 'Isobel', 'Mills', 'turcotte.francesco@example.net', '(463)442-9101', '2016-01-07 19:58:46', '1970-12-31 19:24:41');
INSERT INTO `users` (`id`, `firstname`, `lastname`, `email`, `phone`, `created_at`, `updated_at`) VALUES (34, 'Scarlett', 'Crooks', 'beau24@example.org', '861-247-2374x66194', '2009-07-18 10:19:52', '1981-02-11 11:09:04');
INSERT INTO `users` (`id`, `firstname`, `lastname`, `email`, `phone`, `created_at`, `updated_at`) VALUES (35, 'Dominic', 'Kovacek', 'tquitzon@example.com', '891-389-0485', '1977-07-03 10:57:59', '2003-09-14 22:26:41');
INSERT INTO `users` (`id`, `firstname`, `lastname`, `email`, `phone`, `created_at`, `updated_at`) VALUES (36, 'Noemy', 'Williamson', 'richmond.mertz@example.com', '(465)305-4924', '1989-10-03 03:31:01', '1993-11-07 13:12:44');
INSERT INTO `users` (`id`, `firstname`, `lastname`, `email`, `phone`, `created_at`, `updated_at`) VALUES (37, 'Mariela', 'Hilll', 'hunter95@example.com', '1-386-882-6709x65374', '1971-09-12 11:54:39', '1985-08-13 04:58:44');
INSERT INTO `users` (`id`, `firstname`, `lastname`, `email`, `phone`, `created_at`, `updated_at`) VALUES (38, 'Torey', 'Koch', 'howell96@example.net', '1-777-078-6847', '1976-05-31 18:30:46', '1972-11-12 22:59:42');
INSERT INTO `users` (`id`, `firstname`, `lastname`, `email`, `phone`, `created_at`, `updated_at`) VALUES (39, 'Hadley', 'Beatty', 'rowan80@example.net', '988-479-8255x84770', '2010-07-28 17:37:56', '2011-04-09 11:17:51');
INSERT INTO `users` (`id`, `firstname`, `lastname`, `email`, `phone`, `created_at`, `updated_at`) VALUES (40, 'River', 'Johnson', 'sonia92@example.com', '194-480-5022x193', '1970-01-31 08:05:47', '2007-10-27 07:17:10');
INSERT INTO `users` (`id`, `firstname`, `lastname`, `email`, `phone`, `created_at`, `updated_at`) VALUES (41, 'Jackson', 'Goodwin', 'ehackett@example.org', '847-762-1616x0555', '2017-03-19 18:52:34', '1980-07-26 04:03:02');
INSERT INTO `users` (`id`, `firstname`, `lastname`, `email`, `phone`, `created_at`, `updated_at`) VALUES (42, 'Prince', 'Parker', 'reina.nader@example.net', '1-011-503-1984x587', '2006-08-05 07:54:18', '1974-10-31 11:23:28');
INSERT INTO `users` (`id`, `firstname`, `lastname`, `email`, `phone`, `created_at`, `updated_at`) VALUES (43, 'Damian', 'Greenholt', 'lela.schuster@example.com', '289.837.8885x225', '1986-08-14 10:24:03', '2012-07-14 06:18:51');
INSERT INTO `users` (`id`, `firstname`, `lastname`, `email`, `phone`, `created_at`, `updated_at`) VALUES (44, 'Gregory', 'Rice', 'yost.johnny@example.org', '(940)205-8894x87355', '1994-03-04 01:10:16', '1989-03-07 19:35:12');
INSERT INTO `users` (`id`, `firstname`, `lastname`, `email`, `phone`, `created_at`, `updated_at`) VALUES (45, 'Jessika', 'Leuschke', 'zaria.spinka@example.com', '+64(0)8734646933', '1987-09-15 04:07:08', '1997-09-03 02:45:20');
INSERT INTO `users` (`id`, `firstname`, `lastname`, `email`, `phone`, `created_at`, `updated_at`) VALUES (46, 'Eleanore', 'Reilly', 'cristopher84@example.com', '1-009-911-3781', '1997-05-30 00:21:53', '1988-07-29 19:06:13');
INSERT INTO `users` (`id`, `firstname`, `lastname`, `email`, `phone`, `created_at`, `updated_at`) VALUES (47, 'Samir', 'Hamill', 'ldibbert@example.net', '(470)557-3684', '1986-11-12 08:31:39', '2000-12-10 23:30:54');
INSERT INTO `users` (`id`, `firstname`, `lastname`, `email`, `phone`, `created_at`, `updated_at`) VALUES (48, 'Ray', 'Upton', 'jude25@example.org', '(778)846-8132x5647', '2014-02-24 02:37:43', '2014-05-18 02:08:26');
INSERT INTO `users` (`id`, `firstname`, `lastname`, `email`, `phone`, `created_at`, `updated_at`) VALUES (49, 'Alaina', 'Becker', 'hmurray@example.com', '162-191-4407', '1987-01-11 03:42:28', '1993-07-12 13:09:54');
INSERT INTO `users` (`id`, `firstname`, `lastname`, `email`, `phone`, `created_at`, `updated_at`) VALUES (50, 'Meghan', 'Breitenberg', 'blueilwitz@example.org', '(065)291-6758', '2006-08-07 11:15:22', '2002-12-03 21:16:41');
INSERT INTO `users` (`id`, `firstname`, `lastname`, `email`, `phone`, `created_at`, `updated_at`) VALUES (51, 'Dustin', 'Mosciski', 'issac26@example.net', '1-167-853-7058x91392', '1976-12-10 19:59:41', '2004-08-05 11:51:04');
INSERT INTO `users` (`id`, `firstname`, `lastname`, `email`, `phone`, `created_at`, `updated_at`) VALUES (52, 'Stuart', 'Larson', 'cassin.luigi@example.com', '456-075-7349', '2014-06-22 20:10:14', '2013-07-29 12:29:36');
INSERT INTO `users` (`id`, `firstname`, `lastname`, `email`, `phone`, `created_at`, `updated_at`) VALUES (53, 'Sherwood', 'Bode', 'lucy81@example.com', '1-529-005-2545', '1990-11-19 10:28:57', '1977-04-21 18:05:34');
INSERT INTO `users` (`id`, `firstname`, `lastname`, `email`, `phone`, `created_at`, `updated_at`) VALUES (54, 'Khalid', 'Muller', 'freida73@example.net', '1-360-007-9101x497', '2009-10-05 18:46:26', '1994-01-11 23:05:18');
INSERT INTO `users` (`id`, `firstname`, `lastname`, `email`, `phone`, `created_at`, `updated_at`) VALUES (55, 'Kiarra', 'Swaniawski', 'ro\'hara@example.net', '070-855-7362', '2005-11-03 02:06:42', '1986-09-04 13:12:47');
INSERT INTO `users` (`id`, `firstname`, `lastname`, `email`, `phone`, `created_at`, `updated_at`) VALUES (56, 'Clemmie', 'Considine', 'fschiller@example.net', '1-369-603-5396x3535', '1996-04-29 01:03:10', '2005-10-14 04:52:52');
INSERT INTO `users` (`id`, `firstname`, `lastname`, `email`, `phone`, `created_at`, `updated_at`) VALUES (57, 'Erick', 'Torphy', 'gerlach.misty@example.org', '(095)675-9966', '2013-09-23 04:57:11', '1991-12-16 10:15:06');
INSERT INTO `users` (`id`, `firstname`, `lastname`, `email`, `phone`, `created_at`, `updated_at`) VALUES (58, 'Maynard', 'Collins', 'larry09@example.net', '04971052512', '1984-09-17 14:15:53', '2016-12-10 23:26:43');
INSERT INTO `users` (`id`, `firstname`, `lastname`, `email`, `phone`, `created_at`, `updated_at`) VALUES (59, 'Stewart', 'Schuppe', 'kovacek.dallas@example.net', '1-838-669-7121', '1989-12-10 01:28:03', '1998-01-18 07:55:14');
INSERT INTO `users` (`id`, `firstname`, `lastname`, `email`, `phone`, `created_at`, `updated_at`) VALUES (60, 'Bonnie', 'Lemke', 'billy.monahan@example.net', '(964)266-3510', '2010-08-18 22:34:24', '2015-04-08 04:28:37');
INSERT INTO `users` (`id`, `firstname`, `lastname`, `email`, `phone`, `created_at`, `updated_at`) VALUES (61, 'Carlotta', 'Beier', 'kuphal.herminia@example.org', '08672468979', '1987-01-25 16:05:39', '1997-01-25 06:29:26');
INSERT INTO `users` (`id`, `firstname`, `lastname`, `email`, `phone`, `created_at`, `updated_at`) VALUES (62, 'Camryn', 'Kshlerin', 'dare.jerrod@example.com', '1-880-260-6302', '1980-05-28 17:40:50', '1984-04-29 08:51:33');
INSERT INTO `users` (`id`, `firstname`, `lastname`, `email`, `phone`, `created_at`, `updated_at`) VALUES (63, 'Destin', 'Sauer', 'cummings.francesco@example.net', '1-695-118-9019', '1995-05-23 00:49:54', '1984-02-12 00:50:58');
INSERT INTO `users` (`id`, `firstname`, `lastname`, `email`, `phone`, `created_at`, `updated_at`) VALUES (64, 'Electa', 'Moore', 'gino42@example.org', '(173)460-8556x8057', '2012-01-04 21:21:40', '1996-07-09 12:28:46');
INSERT INTO `users` (`id`, `firstname`, `lastname`, `email`, `phone`, `created_at`, `updated_at`) VALUES (65, 'Declan', 'Crist', 'ricky.runolfsdottir@example.com', '(904)033-1295x23733', '1983-04-27 14:01:46', '1996-03-05 15:23:20');
INSERT INTO `users` (`id`, `firstname`, `lastname`, `email`, `phone`, `created_at`, `updated_at`) VALUES (66, 'Gaetano', 'McKenzie', 'chaya61@example.org', '(045)698-3862x104', '1999-08-04 11:42:15', '2009-08-20 07:30:28');
INSERT INTO `users` (`id`, `firstname`, `lastname`, `email`, `phone`, `created_at`, `updated_at`) VALUES (67, 'Jayda', 'Collier', 'krajcik.hailie@example.net', '1-350-713-6983x35935', '1977-10-07 00:15:21', '2012-03-09 11:37:02');
INSERT INTO `users` (`id`, `firstname`, `lastname`, `email`, `phone`, `created_at`, `updated_at`) VALUES (68, 'Edwina', 'Altenwerth', 'd\'amore.kellie@example.com', '1-257-167-8140', '2000-04-20 19:20:34', '1994-07-14 04:58:18');
INSERT INTO `users` (`id`, `firstname`, `lastname`, `email`, `phone`, `created_at`, `updated_at`) VALUES (69, 'Reed', 'Okuneva', 'nick.kessler@example.org', '(489)701-9648x62860', '1983-12-09 04:08:40', '2012-08-09 03:20:10');
INSERT INTO `users` (`id`, `firstname`, `lastname`, `email`, `phone`, `created_at`, `updated_at`) VALUES (70, 'Waino', 'Yundt', 'xwehner@example.net', '(675)122-0693', '1975-12-27 09:05:03', '1970-09-23 09:58:25');
INSERT INTO `users` (`id`, `firstname`, `lastname`, `email`, `phone`, `created_at`, `updated_at`) VALUES (71, 'Icie', 'Dicki', 'blanda.quinten@example.net', '467.433.3796x358', '2019-06-10 16:52:05', '1987-10-13 18:37:18');
INSERT INTO `users` (`id`, `firstname`, `lastname`, `email`, `phone`, `created_at`, `updated_at`) VALUES (72, 'Eliseo', 'Hammes', 'o\'reilly.robert@example.org', '241.866.0279', '2004-08-25 04:40:39', '2001-04-07 20:24:39');
INSERT INTO `users` (`id`, `firstname`, `lastname`, `email`, `phone`, `created_at`, `updated_at`) VALUES (73, 'Aniya', 'McGlynn', 'deshaun.koelpin@example.org', '328-553-0385', '1974-08-18 06:44:48', '1977-05-15 15:09:31');
INSERT INTO `users` (`id`, `firstname`, `lastname`, `email`, `phone`, `created_at`, `updated_at`) VALUES (74, 'Bennett', 'White', 'marguerite.senger@example.org', '277.001.4552x0526', '1999-08-07 16:15:43', '1984-11-14 20:58:06');
INSERT INTO `users` (`id`, `firstname`, `lastname`, `email`, `phone`, `created_at`, `updated_at`) VALUES (75, 'Harmony', 'Kutch', 'vpouros@example.com', '+51(8)0956112251', '2005-09-14 21:00:02', '1982-11-01 12:33:41');
INSERT INTO `users` (`id`, `firstname`, `lastname`, `email`, `phone`, `created_at`, `updated_at`) VALUES (76, 'Randi', 'Langosh', 'kassulke.giovanna@example.net', '00311902762', '1995-03-10 23:34:35', '1985-10-12 00:15:45');
INSERT INTO `users` (`id`, `firstname`, `lastname`, `email`, `phone`, `created_at`, `updated_at`) VALUES (77, 'Jaylon', 'Kiehn', 'eudora.kerluke@example.net', '806-187-0729', '2011-05-31 22:20:02', '1998-08-04 03:04:52');
INSERT INTO `users` (`id`, `firstname`, `lastname`, `email`, `phone`, `created_at`, `updated_at`) VALUES (78, 'Roger', 'Jacobs', 'zsanford@example.com', '(684)287-0014x7036', '1972-12-19 12:29:19', '1991-12-14 16:55:27');
INSERT INTO `users` (`id`, `firstname`, `lastname`, `email`, `phone`, `created_at`, `updated_at`) VALUES (79, 'Osvaldo', 'Stiedemann', 'aida43@example.com', '09168716491', '1996-02-06 01:50:16', '1980-07-10 09:57:19');
INSERT INTO `users` (`id`, `firstname`, `lastname`, `email`, `phone`, `created_at`, `updated_at`) VALUES (80, 'Maeve', 'Schoen', 'earlene25@example.com', '697-357-4542', '1983-05-17 18:34:58', '2010-12-25 03:28:02');
INSERT INTO `users` (`id`, `firstname`, `lastname`, `email`, `phone`, `created_at`, `updated_at`) VALUES (81, 'Allison', 'Conroy', 'lorenza.labadie@example.org', '(390)635-4169x167', '1979-02-23 04:34:32', '1995-11-28 19:24:24');
INSERT INTO `users` (`id`, `firstname`, `lastname`, `email`, `phone`, `created_at`, `updated_at`) VALUES (82, 'Jackie', 'Rempel', 'nward@example.com', '(814)639-5213x85419', '1996-10-05 08:10:53', '1999-04-19 16:14:12');
INSERT INTO `users` (`id`, `firstname`, `lastname`, `email`, `phone`, `created_at`, `updated_at`) VALUES (83, 'Estel', 'Green', 'mariah95@example.org', '1-709-184-7099x3865', '1978-09-26 04:36:56', '1987-03-16 07:19:53');
INSERT INTO `users` (`id`, `firstname`, `lastname`, `email`, `phone`, `created_at`, `updated_at`) VALUES (84, 'Nathan', 'Borer', 'johnston.dante@example.net', '510-893-8023x3731', '1991-12-03 14:09:42', '1979-07-13 19:03:06');
INSERT INTO `users` (`id`, `firstname`, `lastname`, `email`, `phone`, `created_at`, `updated_at`) VALUES (85, 'Adolfo', 'Hettinger', 'pfeffer.kassandra@example.org', '(972)426-8406', '2016-02-29 03:40:09', '1997-05-27 12:58:56');
INSERT INTO `users` (`id`, `firstname`, `lastname`, `email`, `phone`, `created_at`, `updated_at`) VALUES (86, 'Ron', 'Jones', 'glenda77@example.com', '1-884-216-3305x301', '1986-12-04 04:57:00', '2004-09-29 06:13:09');
INSERT INTO `users` (`id`, `firstname`, `lastname`, `email`, `phone`, `created_at`, `updated_at`) VALUES (87, 'Dayton', 'Hilpert', 'kitty.bergstrom@example.net', '(370)600-1745x51461', '2008-01-19 18:22:18', '1972-03-08 10:28:32');
INSERT INTO `users` (`id`, `firstname`, `lastname`, `email`, `phone`, `created_at`, `updated_at`) VALUES (88, 'Kirstin', 'Ziemann', 'waino77@example.org', '850-926-0984x552', '1977-09-08 07:38:52', '2010-01-31 01:53:39');
INSERT INTO `users` (`id`, `firstname`, `lastname`, `email`, `phone`, `created_at`, `updated_at`) VALUES (89, 'Maribel', 'Schimmel', 'hansen.katherine@example.net', '300-589-0014x5426', '1985-04-08 04:12:07', '1974-05-17 07:26:49');
INSERT INTO `users` (`id`, `firstname`, `lastname`, `email`, `phone`, `created_at`, `updated_at`) VALUES (90, 'Boris', 'Davis', 'bridget.murray@example.org', '(529)883-0606x598', '2004-08-17 14:16:30', '1981-07-07 19:56:05');
INSERT INTO `users` (`id`, `firstname`, `lastname`, `email`, `phone`, `created_at`, `updated_at`) VALUES (91, 'Lenora', 'Haley', 'johnston.albert@example.net', '666-581-0302', '2014-11-05 03:59:48', '1993-06-18 07:59:55');
INSERT INTO `users` (`id`, `firstname`, `lastname`, `email`, `phone`, `created_at`, `updated_at`) VALUES (92, 'Delaney', 'Nienow', 'pearlie.moen@example.org', '(492)229-0276', '2013-05-22 11:45:27', '2011-07-21 19:32:09');
INSERT INTO `users` (`id`, `firstname`, `lastname`, `email`, `phone`, `created_at`, `updated_at`) VALUES (93, 'Lonnie', 'Hane', 'daren55@example.org', '(201)758-3822x4342', '1994-06-20 07:22:07', '1977-04-23 11:36:45');
INSERT INTO `users` (`id`, `firstname`, `lastname`, `email`, `phone`, `created_at`, `updated_at`) VALUES (94, 'Justyn', 'Pagac', 'sboehm@example.com', '08917964997', '2009-03-16 08:54:18', '1971-06-01 07:41:56');
INSERT INTO `users` (`id`, `firstname`, `lastname`, `email`, `phone`, `created_at`, `updated_at`) VALUES (95, 'Audie', 'Crona', 'filiberto87@example.net', '(560)366-2466', '2000-09-06 20:31:31', '2001-01-17 00:40:14');
INSERT INTO `users` (`id`, `firstname`, `lastname`, `email`, `phone`, `created_at`, `updated_at`) VALUES (96, 'Kristofer', 'Schultz', 'michale.klein@example.net', '345.137.0615', '1981-09-27 10:50:57', '1995-03-17 20:00:57');
INSERT INTO `users` (`id`, `firstname`, `lastname`, `email`, `phone`, `created_at`, `updated_at`) VALUES (97, 'Gussie', 'Feeney', 'merlin.stoltenberg@example.org', '1-905-464-0217x7206', '1973-06-12 03:10:39', '1994-04-30 20:01:23');
INSERT INTO `users` (`id`, `firstname`, `lastname`, `email`, `phone`, `created_at`, `updated_at`) VALUES (98, 'Elda', 'McLaughlin', 'bettie.marvin@example.com', '376-900-7318x7483', '1981-02-25 12:42:55', '2006-12-07 16:40:20');
INSERT INTO `users` (`id`, `firstname`, `lastname`, `email`, `phone`, `created_at`, `updated_at`) VALUES (99, 'Emmalee', 'Hand', 'haleigh94@example.net', '04012162899', '2012-11-03 23:06:22', '1979-04-06 11:38:59');
INSERT INTO `users` (`id`, `firstname`, `lastname`, `email`, `phone`, `created_at`, `updated_at`) VALUES (100, 'Kristopher', 'Jacobson', 'krajcik.heber@example.net', '454.541.9285', '2001-01-15 08:19:42', '1992-03-12 00:02:08');


