#
# TABLE STRUCTURE FOR: communities
#

DROP TABLE IF EXISTS `communities`;

CREATE TABLE `communities` (
  `id` int(10) unsigned NOT NULL AUTO_INCREMENT,
  `name` varchar(150) COLLATE utf8_unicode_ci NOT NULL,
  PRIMARY KEY (`id`),
  UNIQUE KEY `name` (`name`)
) ENGINE=InnoDB AUTO_INCREMENT=101 DEFAULT CHARSET=utf8 COLLATE=utf8_unicode_ci;

INSERT INTO `communities` (`id`, `name`) VALUES (89, 'a');
INSERT INTO `communities` (`id`, `name`) VALUES (62, 'ab');
INSERT INTO `communities` (`id`, `name`) VALUES (12, 'accusamus');
INSERT INTO `communities` (`id`, `name`) VALUES (42, 'accusantium');
INSERT INTO `communities` (`id`, `name`) VALUES (17, 'alias');
INSERT INTO `communities` (`id`, `name`) VALUES (69, 'aliquam');
INSERT INTO `communities` (`id`, `name`) VALUES (38, 'aliquid');
INSERT INTO `communities` (`id`, `name`) VALUES (31, 'amet');
INSERT INTO `communities` (`id`, `name`) VALUES (99, 'asperiores');
INSERT INTO `communities` (`id`, `name`) VALUES (9, 'aspernatur');
INSERT INTO `communities` (`id`, `name`) VALUES (43, 'assumenda');
INSERT INTO `communities` (`id`, `name`) VALUES (57, 'atque');
INSERT INTO `communities` (`id`, `name`) VALUES (13, 'aut');
INSERT INTO `communities` (`id`, `name`) VALUES (75, 'commodi');
INSERT INTO `communities` (`id`, `name`) VALUES (27, 'consequatur');
INSERT INTO `communities` (`id`, `name`) VALUES (68, 'corporis');
INSERT INTO `communities` (`id`, `name`) VALUES (44, 'culpa');
INSERT INTO `communities` (`id`, `name`) VALUES (94, 'cumque');
INSERT INTO `communities` (`id`, `name`) VALUES (64, 'cupiditate');
INSERT INTO `communities` (`id`, `name`) VALUES (32, 'dignissimos');
INSERT INTO `communities` (`id`, `name`) VALUES (33, 'dolorem');
INSERT INTO `communities` (`id`, `name`) VALUES (23, 'doloremque');
INSERT INTO `communities` (`id`, `name`) VALUES (77, 'dolores');
INSERT INTO `communities` (`id`, `name`) VALUES (87, 'doloribus');
INSERT INTO `communities` (`id`, `name`) VALUES (82, 'dolorum');
INSERT INTO `communities` (`id`, `name`) VALUES (76, 'ducimus');
INSERT INTO `communities` (`id`, `name`) VALUES (36, 'ea');
INSERT INTO `communities` (`id`, `name`) VALUES (35, 'eaque');
INSERT INTO `communities` (`id`, `name`) VALUES (85, 'enim');
INSERT INTO `communities` (`id`, `name`) VALUES (3, 'eos');
INSERT INTO `communities` (`id`, `name`) VALUES (16, 'est');
INSERT INTO `communities` (`id`, `name`) VALUES (5, 'et');
INSERT INTO `communities` (`id`, `name`) VALUES (1, 'eum');
INSERT INTO `communities` (`id`, `name`) VALUES (93, 'eveniet');
INSERT INTO `communities` (`id`, `name`) VALUES (70, 'excepturi');
INSERT INTO `communities` (`id`, `name`) VALUES (49, 'exercitationem');
INSERT INTO `communities` (`id`, `name`) VALUES (65, 'harum');
INSERT INTO `communities` (`id`, `name`) VALUES (96, 'hic');
INSERT INTO `communities` (`id`, `name`) VALUES (53, 'impedit');
INSERT INTO `communities` (`id`, `name`) VALUES (78, 'inventore');
INSERT INTO `communities` (`id`, `name`) VALUES (86, 'ipsam');
INSERT INTO `communities` (`id`, `name`) VALUES (97, 'ipsum');
INSERT INTO `communities` (`id`, `name`) VALUES (54, 'iste');
INSERT INTO `communities` (`id`, `name`) VALUES (11, 'itaque');
INSERT INTO `communities` (`id`, `name`) VALUES (58, 'iure');
INSERT INTO `communities` (`id`, `name`) VALUES (90, 'labore');
INSERT INTO `communities` (`id`, `name`) VALUES (81, 'laboriosam');
INSERT INTO `communities` (`id`, `name`) VALUES (61, 'laborum');
INSERT INTO `communities` (`id`, `name`) VALUES (71, 'laudantium');
INSERT INTO `communities` (`id`, `name`) VALUES (47, 'magnam');
INSERT INTO `communities` (`id`, `name`) VALUES (10, 'magni');
INSERT INTO `communities` (`id`, `name`) VALUES (20, 'minima');
INSERT INTO `communities` (`id`, `name`) VALUES (63, 'minus');
INSERT INTO `communities` (`id`, `name`) VALUES (39, 'modi');
INSERT INTO `communities` (`id`, `name`) VALUES (45, 'molestiae');
INSERT INTO `communities` (`id`, `name`) VALUES (88, 'molestias');
INSERT INTO `communities` (`id`, `name`) VALUES (46, 'nam');
INSERT INTO `communities` (`id`, `name`) VALUES (84, 'nemo');
INSERT INTO `communities` (`id`, `name`) VALUES (8, 'nihil');
INSERT INTO `communities` (`id`, `name`) VALUES (29, 'nostrum');
INSERT INTO `communities` (`id`, `name`) VALUES (73, 'nulla');
INSERT INTO `communities` (`id`, `name`) VALUES (14, 'numquam');
INSERT INTO `communities` (`id`, `name`) VALUES (100, 'occaecati');
INSERT INTO `communities` (`id`, `name`) VALUES (37, 'odit');
INSERT INTO `communities` (`id`, `name`) VALUES (48, 'officia');
INSERT INTO `communities` (`id`, `name`) VALUES (52, 'omnis');
INSERT INTO `communities` (`id`, `name`) VALUES (40, 'perferendis');
INSERT INTO `communities` (`id`, `name`) VALUES (41, 'placeat');
INSERT INTO `communities` (`id`, `name`) VALUES (74, 'porro');
INSERT INTO `communities` (`id`, `name`) VALUES (18, 'possimus');
INSERT INTO `communities` (`id`, `name`) VALUES (30, 'quae');
INSERT INTO `communities` (`id`, `name`) VALUES (19, 'quam');
INSERT INTO `communities` (`id`, `name`) VALUES (28, 'qui');
INSERT INTO `communities` (`id`, `name`) VALUES (59, 'quia');
INSERT INTO `communities` (`id`, `name`) VALUES (95, 'quidem');
INSERT INTO `communities` (`id`, `name`) VALUES (6, 'quis');
INSERT INTO `communities` (`id`, `name`) VALUES (26, 'quisquam');
INSERT INTO `communities` (`id`, `name`) VALUES (80, 'quo');
INSERT INTO `communities` (`id`, `name`) VALUES (91, 'quod');
INSERT INTO `communities` (`id`, `name`) VALUES (92, 'rem');
INSERT INTO `communities` (`id`, `name`) VALUES (24, 'repudiandae');
INSERT INTO `communities` (`id`, `name`) VALUES (98, 'rerum');
INSERT INTO `communities` (`id`, `name`) VALUES (51, 'sed');
INSERT INTO `communities` (`id`, `name`) VALUES (60, 'similique');
INSERT INTO `communities` (`id`, `name`) VALUES (34, 'sint');
INSERT INTO `communities` (`id`, `name`) VALUES (2, 'sit');
INSERT INTO `communities` (`id`, `name`) VALUES (72, 'soluta');
INSERT INTO `communities` (`id`, `name`) VALUES (15, 'tempore');
INSERT INTO `communities` (`id`, `name`) VALUES (79, 'temporibus');
INSERT INTO `communities` (`id`, `name`) VALUES (83, 'tenetur');
INSERT INTO `communities` (`id`, `name`) VALUES (67, 'totam');
INSERT INTO `communities` (`id`, `name`) VALUES (22, 'unde');
INSERT INTO `communities` (`id`, `name`) VALUES (7, 'ut');
INSERT INTO `communities` (`id`, `name`) VALUES (55, 'vel');
INSERT INTO `communities` (`id`, `name`) VALUES (66, 'velit');
INSERT INTO `communities` (`id`, `name`) VALUES (56, 'veritatis');
INSERT INTO `communities` (`id`, `name`) VALUES (4, 'vitae');
INSERT INTO `communities` (`id`, `name`) VALUES (25, 'voluptas');
INSERT INTO `communities` (`id`, `name`) VALUES (21, 'voluptatem');
INSERT INTO `communities` (`id`, `name`) VALUES (50, 'voluptates');


#
# TABLE STRUCTURE FOR: communities_users
#

DROP TABLE IF EXISTS `communities_users`;

CREATE TABLE `communities_users` (
  `community_id` int(10) unsigned NOT NULL,
  `user_id` int(10) unsigned NOT NULL,
  PRIMARY KEY (`community_id`,`user_id`)
) ENGINE=InnoDB DEFAULT CHARSET=utf8 COLLATE=utf8_unicode_ci;

INSERT INTO `communities_users` (`community_id`, `user_id`) VALUES (1, 39);
INSERT INTO `communities_users` (`community_id`, `user_id`) VALUES (2, 10);
INSERT INTO `communities_users` (`community_id`, `user_id`) VALUES (3, 16);
INSERT INTO `communities_users` (`community_id`, `user_id`) VALUES (4, 86);
INSERT INTO `communities_users` (`community_id`, `user_id`) VALUES (5, 40);
INSERT INTO `communities_users` (`community_id`, `user_id`) VALUES (6, 27);
INSERT INTO `communities_users` (`community_id`, `user_id`) VALUES (7, 89);
INSERT INTO `communities_users` (`community_id`, `user_id`) VALUES (8, 22);
INSERT INTO `communities_users` (`community_id`, `user_id`) VALUES (9, 24);
INSERT INTO `communities_users` (`community_id`, `user_id`) VALUES (10, 33);
INSERT INTO `communities_users` (`community_id`, `user_id`) VALUES (11, 54);
INSERT INTO `communities_users` (`community_id`, `user_id`) VALUES (12, 96);
INSERT INTO `communities_users` (`community_id`, `user_id`) VALUES (13, 58);
INSERT INTO `communities_users` (`community_id`, `user_id`) VALUES (14, 90);
INSERT INTO `communities_users` (`community_id`, `user_id`) VALUES (15, 58);
INSERT INTO `communities_users` (`community_id`, `user_id`) VALUES (16, 31);
INSERT INTO `communities_users` (`community_id`, `user_id`) VALUES (17, 93);
INSERT INTO `communities_users` (`community_id`, `user_id`) VALUES (18, 13);
INSERT INTO `communities_users` (`community_id`, `user_id`) VALUES (19, 10);
INSERT INTO `communities_users` (`community_id`, `user_id`) VALUES (20, 26);
INSERT INTO `communities_users` (`community_id`, `user_id`) VALUES (21, 67);
INSERT INTO `communities_users` (`community_id`, `user_id`) VALUES (22, 74);
INSERT INTO `communities_users` (`community_id`, `user_id`) VALUES (23, 2);
INSERT INTO `communities_users` (`community_id`, `user_id`) VALUES (24, 99);
INSERT INTO `communities_users` (`community_id`, `user_id`) VALUES (25, 64);
INSERT INTO `communities_users` (`community_id`, `user_id`) VALUES (26, 73);
INSERT INTO `communities_users` (`community_id`, `user_id`) VALUES (27, 100);
INSERT INTO `communities_users` (`community_id`, `user_id`) VALUES (28, 61);
INSERT INTO `communities_users` (`community_id`, `user_id`) VALUES (29, 8);
INSERT INTO `communities_users` (`community_id`, `user_id`) VALUES (30, 26);
INSERT INTO `communities_users` (`community_id`, `user_id`) VALUES (31, 13);
INSERT INTO `communities_users` (`community_id`, `user_id`) VALUES (32, 61);
INSERT INTO `communities_users` (`community_id`, `user_id`) VALUES (33, 14);
INSERT INTO `communities_users` (`community_id`, `user_id`) VALUES (34, 74);
INSERT INTO `communities_users` (`community_id`, `user_id`) VALUES (35, 52);
INSERT INTO `communities_users` (`community_id`, `user_id`) VALUES (36, 46);
INSERT INTO `communities_users` (`community_id`, `user_id`) VALUES (37, 98);
INSERT INTO `communities_users` (`community_id`, `user_id`) VALUES (38, 99);
INSERT INTO `communities_users` (`community_id`, `user_id`) VALUES (39, 25);
INSERT INTO `communities_users` (`community_id`, `user_id`) VALUES (40, 30);
INSERT INTO `communities_users` (`community_id`, `user_id`) VALUES (41, 18);
INSERT INTO `communities_users` (`community_id`, `user_id`) VALUES (42, 43);
INSERT INTO `communities_users` (`community_id`, `user_id`) VALUES (43, 3);
INSERT INTO `communities_users` (`community_id`, `user_id`) VALUES (44, 55);
INSERT INTO `communities_users` (`community_id`, `user_id`) VALUES (45, 68);
INSERT INTO `communities_users` (`community_id`, `user_id`) VALUES (46, 96);
INSERT INTO `communities_users` (`community_id`, `user_id`) VALUES (47, 80);
INSERT INTO `communities_users` (`community_id`, `user_id`) VALUES (48, 3);
INSERT INTO `communities_users` (`community_id`, `user_id`) VALUES (49, 100);
INSERT INTO `communities_users` (`community_id`, `user_id`) VALUES (50, 2);
INSERT INTO `communities_users` (`community_id`, `user_id`) VALUES (51, 72);
INSERT INTO `communities_users` (`community_id`, `user_id`) VALUES (52, 32);
INSERT INTO `communities_users` (`community_id`, `user_id`) VALUES (53, 17);
INSERT INTO `communities_users` (`community_id`, `user_id`) VALUES (54, 25);
INSERT INTO `communities_users` (`community_id`, `user_id`) VALUES (55, 88);
INSERT INTO `communities_users` (`community_id`, `user_id`) VALUES (56, 64);
INSERT INTO `communities_users` (`community_id`, `user_id`) VALUES (57, 48);
INSERT INTO `communities_users` (`community_id`, `user_id`) VALUES (58, 64);
INSERT INTO `communities_users` (`community_id`, `user_id`) VALUES (59, 62);
INSERT INTO `communities_users` (`community_id`, `user_id`) VALUES (60, 54);
INSERT INTO `communities_users` (`community_id`, `user_id`) VALUES (61, 40);
INSERT INTO `communities_users` (`community_id`, `user_id`) VALUES (62, 69);
INSERT INTO `communities_users` (`community_id`, `user_id`) VALUES (63, 9);
INSERT INTO `communities_users` (`community_id`, `user_id`) VALUES (64, 63);
INSERT INTO `communities_users` (`community_id`, `user_id`) VALUES (65, 17);
INSERT INTO `communities_users` (`community_id`, `user_id`) VALUES (66, 59);
INSERT INTO `communities_users` (`community_id`, `user_id`) VALUES (67, 44);
INSERT INTO `communities_users` (`community_id`, `user_id`) VALUES (68, 98);
INSERT INTO `communities_users` (`community_id`, `user_id`) VALUES (69, 32);
INSERT INTO `communities_users` (`community_id`, `user_id`) VALUES (70, 18);
INSERT INTO `communities_users` (`community_id`, `user_id`) VALUES (71, 33);
INSERT INTO `communities_users` (`community_id`, `user_id`) VALUES (72, 36);
INSERT INTO `communities_users` (`community_id`, `user_id`) VALUES (73, 58);
INSERT INTO `communities_users` (`community_id`, `user_id`) VALUES (74, 73);
INSERT INTO `communities_users` (`community_id`, `user_id`) VALUES (75, 59);
INSERT INTO `communities_users` (`community_id`, `user_id`) VALUES (76, 62);
INSERT INTO `communities_users` (`community_id`, `user_id`) VALUES (77, 56);
INSERT INTO `communities_users` (`community_id`, `user_id`) VALUES (78, 29);
INSERT INTO `communities_users` (`community_id`, `user_id`) VALUES (79, 53);
INSERT INTO `communities_users` (`community_id`, `user_id`) VALUES (80, 45);
INSERT INTO `communities_users` (`community_id`, `user_id`) VALUES (81, 41);
INSERT INTO `communities_users` (`community_id`, `user_id`) VALUES (82, 58);
INSERT INTO `communities_users` (`community_id`, `user_id`) VALUES (83, 7);
INSERT INTO `communities_users` (`community_id`, `user_id`) VALUES (84, 8);
INSERT INTO `communities_users` (`community_id`, `user_id`) VALUES (85, 60);
INSERT INTO `communities_users` (`community_id`, `user_id`) VALUES (86, 12);
INSERT INTO `communities_users` (`community_id`, `user_id`) VALUES (87, 45);
INSERT INTO `communities_users` (`community_id`, `user_id`) VALUES (88, 45);
INSERT INTO `communities_users` (`community_id`, `user_id`) VALUES (89, 15);
INSERT INTO `communities_users` (`community_id`, `user_id`) VALUES (90, 27);
INSERT INTO `communities_users` (`community_id`, `user_id`) VALUES (91, 85);
INSERT INTO `communities_users` (`community_id`, `user_id`) VALUES (92, 50);
INSERT INTO `communities_users` (`community_id`, `user_id`) VALUES (93, 97);
INSERT INTO `communities_users` (`community_id`, `user_id`) VALUES (94, 1);
INSERT INTO `communities_users` (`community_id`, `user_id`) VALUES (95, 75);
INSERT INTO `communities_users` (`community_id`, `user_id`) VALUES (96, 80);
INSERT INTO `communities_users` (`community_id`, `user_id`) VALUES (97, 43);
INSERT INTO `communities_users` (`community_id`, `user_id`) VALUES (98, 15);
INSERT INTO `communities_users` (`community_id`, `user_id`) VALUES (99, 80);
INSERT INTO `communities_users` (`community_id`, `user_id`) VALUES (100, 26);


#
# TABLE STRUCTURE FOR: friendship
#

DROP TABLE IF EXISTS `friendship`;

CREATE TABLE `friendship` (
  `user_id` int(10) unsigned NOT NULL,
  `friend_id` int(10) unsigned NOT NULL,
  `status` varchar(20) COLLATE utf8_unicode_ci NOT NULL,
  `requested_at` datetime DEFAULT current_timestamp(),
  `confirmed_at` datetime DEFAULT NULL,
  PRIMARY KEY (`user_id`,`friend_id`)
) ENGINE=InnoDB DEFAULT CHARSET=utf8 COLLATE=utf8_unicode_ci;

INSERT INTO `friendship` (`user_id`, `friend_id`, `status`, `requested_at`, `confirmed_at`) VALUES (1, 84, '', '2003-01-07 05:53:12', '2011-10-31 12:05:42');
INSERT INTO `friendship` (`user_id`, `friend_id`, `status`, `requested_at`, `confirmed_at`) VALUES (2, 92, '', '1977-08-13 07:26:33', '2013-03-12 03:10:12');
INSERT INTO `friendship` (`user_id`, `friend_id`, `status`, `requested_at`, `confirmed_at`) VALUES (3, 9, '1', '1978-07-30 23:27:42', '2008-10-09 04:47:26');
INSERT INTO `friendship` (`user_id`, `friend_id`, `status`, `requested_at`, `confirmed_at`) VALUES (4, 89, '1', '2001-07-19 22:23:08', '2011-05-28 08:34:09');
INSERT INTO `friendship` (`user_id`, `friend_id`, `status`, `requested_at`, `confirmed_at`) VALUES (5, 4, '', '2012-03-21 12:51:45', '1972-06-25 20:46:14');
INSERT INTO `friendship` (`user_id`, `friend_id`, `status`, `requested_at`, `confirmed_at`) VALUES (6, 44, '', '1987-12-11 07:05:19', '2014-10-02 15:35:44');
INSERT INTO `friendship` (`user_id`, `friend_id`, `status`, `requested_at`, `confirmed_at`) VALUES (7, 6, '1', '1972-08-12 09:45:14', '1972-05-21 16:01:27');
INSERT INTO `friendship` (`user_id`, `friend_id`, `status`, `requested_at`, `confirmed_at`) VALUES (8, 95, '', '2006-01-17 01:30:24', '2002-10-23 19:20:29');
INSERT INTO `friendship` (`user_id`, `friend_id`, `status`, `requested_at`, `confirmed_at`) VALUES (9, 83, '1', '1999-08-26 04:54:46', '1978-02-24 00:59:11');
INSERT INTO `friendship` (`user_id`, `friend_id`, `status`, `requested_at`, `confirmed_at`) VALUES (10, 99, '1', '1999-11-10 12:13:57', '1999-07-25 13:48:51');
INSERT INTO `friendship` (`user_id`, `friend_id`, `status`, `requested_at`, `confirmed_at`) VALUES (11, 74, '1', '2007-08-11 07:48:16', '2011-04-27 18:41:36');
INSERT INTO `friendship` (`user_id`, `friend_id`, `status`, `requested_at`, `confirmed_at`) VALUES (12, 48, '', '1971-01-23 09:58:56', '2015-12-22 19:57:57');
INSERT INTO `friendship` (`user_id`, `friend_id`, `status`, `requested_at`, `confirmed_at`) VALUES (13, 74, '1', '2017-05-20 23:39:34', '1988-05-19 17:35:33');
INSERT INTO `friendship` (`user_id`, `friend_id`, `status`, `requested_at`, `confirmed_at`) VALUES (14, 72, '1', '1994-03-20 10:26:47', '2009-07-20 08:24:47');
INSERT INTO `friendship` (`user_id`, `friend_id`, `status`, `requested_at`, `confirmed_at`) VALUES (15, 34, '', '1984-06-10 13:35:33', '1974-10-05 07:28:26');
INSERT INTO `friendship` (`user_id`, `friend_id`, `status`, `requested_at`, `confirmed_at`) VALUES (16, 25, '', '1977-03-20 22:39:31', '2009-05-27 20:21:13');
INSERT INTO `friendship` (`user_id`, `friend_id`, `status`, `requested_at`, `confirmed_at`) VALUES (17, 95, '', '1994-01-25 07:20:41', '2017-04-11 20:02:43');
INSERT INTO `friendship` (`user_id`, `friend_id`, `status`, `requested_at`, `confirmed_at`) VALUES (18, 39, '', '2019-05-03 14:59:20', '2013-08-11 02:56:58');
INSERT INTO `friendship` (`user_id`, `friend_id`, `status`, `requested_at`, `confirmed_at`) VALUES (19, 57, '', '1988-03-31 16:23:01', '1991-04-19 01:01:20');
INSERT INTO `friendship` (`user_id`, `friend_id`, `status`, `requested_at`, `confirmed_at`) VALUES (20, 40, '', '1979-03-05 10:51:52', '1973-10-24 07:03:13');
INSERT INTO `friendship` (`user_id`, `friend_id`, `status`, `requested_at`, `confirmed_at`) VALUES (21, 29, '1', '1986-02-11 11:35:41', '2002-05-15 21:26:06');
INSERT INTO `friendship` (`user_id`, `friend_id`, `status`, `requested_at`, `confirmed_at`) VALUES (22, 51, '1', '1998-01-29 10:07:42', '2017-01-15 15:21:16');
INSERT INTO `friendship` (`user_id`, `friend_id`, `status`, `requested_at`, `confirmed_at`) VALUES (23, 64, '1', '1987-07-16 02:55:29', '2003-04-08 14:46:53');
INSERT INTO `friendship` (`user_id`, `friend_id`, `status`, `requested_at`, `confirmed_at`) VALUES (24, 45, '', '1996-12-04 07:47:16', '1971-12-16 07:29:07');
INSERT INTO `friendship` (`user_id`, `friend_id`, `status`, `requested_at`, `confirmed_at`) VALUES (25, 80, '', '1979-12-09 13:55:55', '1999-12-04 16:33:04');
INSERT INTO `friendship` (`user_id`, `friend_id`, `status`, `requested_at`, `confirmed_at`) VALUES (26, 66, '1', '1992-08-19 23:53:40', '1974-10-13 02:18:47');
INSERT INTO `friendship` (`user_id`, `friend_id`, `status`, `requested_at`, `confirmed_at`) VALUES (27, 78, '1', '2013-07-12 23:18:39', '1992-06-09 00:52:10');
INSERT INTO `friendship` (`user_id`, `friend_id`, `status`, `requested_at`, `confirmed_at`) VALUES (28, 28, '1', '1987-07-22 12:59:02', '1982-03-27 19:27:19');
INSERT INTO `friendship` (`user_id`, `friend_id`, `status`, `requested_at`, `confirmed_at`) VALUES (29, 54, '1', '1987-10-07 04:33:55', '2002-10-12 02:37:00');
INSERT INTO `friendship` (`user_id`, `friend_id`, `status`, `requested_at`, `confirmed_at`) VALUES (30, 32, '1', '2017-06-16 21:39:20', '1992-07-10 01:11:24');
INSERT INTO `friendship` (`user_id`, `friend_id`, `status`, `requested_at`, `confirmed_at`) VALUES (31, 33, '1', '2015-01-10 12:36:50', '2006-12-23 14:39:46');
INSERT INTO `friendship` (`user_id`, `friend_id`, `status`, `requested_at`, `confirmed_at`) VALUES (32, 87, '1', '1982-07-24 01:54:21', '2017-06-13 08:37:42');
INSERT INTO `friendship` (`user_id`, `friend_id`, `status`, `requested_at`, `confirmed_at`) VALUES (33, 36, '1', '1995-03-01 21:00:26', '1997-03-30 10:31:15');
INSERT INTO `friendship` (`user_id`, `friend_id`, `status`, `requested_at`, `confirmed_at`) VALUES (34, 52, '1', '2000-03-05 00:39:29', '2002-12-09 22:23:26');
INSERT INTO `friendship` (`user_id`, `friend_id`, `status`, `requested_at`, `confirmed_at`) VALUES (35, 43, '1', '2004-05-11 14:54:50', '1997-12-16 12:55:28');
INSERT INTO `friendship` (`user_id`, `friend_id`, `status`, `requested_at`, `confirmed_at`) VALUES (36, 51, '1', '1970-06-10 09:51:26', '1986-04-25 04:27:51');
INSERT INTO `friendship` (`user_id`, `friend_id`, `status`, `requested_at`, `confirmed_at`) VALUES (37, 15, '1', '2001-01-04 21:27:16', '2011-10-04 01:29:39');
INSERT INTO `friendship` (`user_id`, `friend_id`, `status`, `requested_at`, `confirmed_at`) VALUES (38, 98, '1', '2007-05-02 15:37:17', '2014-12-05 16:43:47');
INSERT INTO `friendship` (`user_id`, `friend_id`, `status`, `requested_at`, `confirmed_at`) VALUES (39, 43, '', '1982-07-29 10:23:44', '1982-06-07 01:10:42');
INSERT INTO `friendship` (`user_id`, `friend_id`, `status`, `requested_at`, `confirmed_at`) VALUES (40, 23, '', '1987-06-06 12:42:29', '1985-10-05 19:46:21');
INSERT INTO `friendship` (`user_id`, `friend_id`, `status`, `requested_at`, `confirmed_at`) VALUES (41, 67, '1', '2008-04-24 19:35:37', '1989-02-01 06:17:50');
INSERT INTO `friendship` (`user_id`, `friend_id`, `status`, `requested_at`, `confirmed_at`) VALUES (42, 21, '', '1983-08-02 02:49:21', '1997-01-15 10:13:57');
INSERT INTO `friendship` (`user_id`, `friend_id`, `status`, `requested_at`, `confirmed_at`) VALUES (43, 75, '1', '2014-08-02 19:48:53', '2008-04-13 13:50:15');
INSERT INTO `friendship` (`user_id`, `friend_id`, `status`, `requested_at`, `confirmed_at`) VALUES (44, 2, '', '1992-11-05 13:02:25', '2011-05-19 00:23:17');
INSERT INTO `friendship` (`user_id`, `friend_id`, `status`, `requested_at`, `confirmed_at`) VALUES (45, 31, '', '1974-01-06 09:42:21', '2013-10-22 06:53:03');
INSERT INTO `friendship` (`user_id`, `friend_id`, `status`, `requested_at`, `confirmed_at`) VALUES (46, 97, '', '2001-05-23 15:49:23', '1984-01-09 02:02:29');
INSERT INTO `friendship` (`user_id`, `friend_id`, `status`, `requested_at`, `confirmed_at`) VALUES (47, 34, '', '1974-08-20 08:34:22', '1994-01-17 22:34:26');
INSERT INTO `friendship` (`user_id`, `friend_id`, `status`, `requested_at`, `confirmed_at`) VALUES (48, 4, '', '1992-07-12 08:02:44', '1989-05-11 23:16:15');
INSERT INTO `friendship` (`user_id`, `friend_id`, `status`, `requested_at`, `confirmed_at`) VALUES (49, 68, '', '2003-05-03 06:30:27', '1989-10-16 21:45:46');
INSERT INTO `friendship` (`user_id`, `friend_id`, `status`, `requested_at`, `confirmed_at`) VALUES (50, 73, '', '2006-06-06 00:58:42', '2003-01-31 02:11:11');
INSERT INTO `friendship` (`user_id`, `friend_id`, `status`, `requested_at`, `confirmed_at`) VALUES (51, 28, '', '1994-02-10 23:00:00', '1984-11-21 00:13:47');
INSERT INTO `friendship` (`user_id`, `friend_id`, `status`, `requested_at`, `confirmed_at`) VALUES (52, 37, '', '2015-11-09 10:26:56', '2006-06-27 19:26:56');
INSERT INTO `friendship` (`user_id`, `friend_id`, `status`, `requested_at`, `confirmed_at`) VALUES (53, 16, '', '2002-09-18 20:31:38', '1986-04-10 05:19:56');
INSERT INTO `friendship` (`user_id`, `friend_id`, `status`, `requested_at`, `confirmed_at`) VALUES (54, 54, '1', '1975-02-12 16:41:39', '1970-10-10 23:32:55');
INSERT INTO `friendship` (`user_id`, `friend_id`, `status`, `requested_at`, `confirmed_at`) VALUES (55, 19, '1', '1991-10-26 20:35:18', '1999-08-24 03:21:19');
INSERT INTO `friendship` (`user_id`, `friend_id`, `status`, `requested_at`, `confirmed_at`) VALUES (56, 39, '', '2005-01-07 18:59:32', '1985-06-06 00:42:00');
INSERT INTO `friendship` (`user_id`, `friend_id`, `status`, `requested_at`, `confirmed_at`) VALUES (57, 31, '', '2014-01-26 03:07:47', '2004-10-15 05:50:43');
INSERT INTO `friendship` (`user_id`, `friend_id`, `status`, `requested_at`, `confirmed_at`) VALUES (58, 18, '', '2006-04-08 10:23:32', '1977-11-21 11:15:33');
INSERT INTO `friendship` (`user_id`, `friend_id`, `status`, `requested_at`, `confirmed_at`) VALUES (59, 5, '1', '1974-06-26 05:19:51', '1996-01-12 02:41:37');
INSERT INTO `friendship` (`user_id`, `friend_id`, `status`, `requested_at`, `confirmed_at`) VALUES (60, 69, '1', '2012-06-03 06:30:32', '1972-02-04 00:31:18');
INSERT INTO `friendship` (`user_id`, `friend_id`, `status`, `requested_at`, `confirmed_at`) VALUES (61, 29, '', '1991-01-03 19:19:24', '2013-03-26 02:58:26');
INSERT INTO `friendship` (`user_id`, `friend_id`, `status`, `requested_at`, `confirmed_at`) VALUES (62, 66, '', '2016-08-03 14:05:32', '2016-08-13 00:32:32');
INSERT INTO `friendship` (`user_id`, `friend_id`, `status`, `requested_at`, `confirmed_at`) VALUES (63, 30, '', '1973-08-11 09:04:42', '1994-01-04 04:22:49');
INSERT INTO `friendship` (`user_id`, `friend_id`, `status`, `requested_at`, `confirmed_at`) VALUES (64, 36, '1', '2000-06-06 09:55:13', '1976-11-26 05:39:35');
INSERT INTO `friendship` (`user_id`, `friend_id`, `status`, `requested_at`, `confirmed_at`) VALUES (65, 62, '', '2017-07-21 15:30:30', '2006-05-27 12:33:13');
INSERT INTO `friendship` (`user_id`, `friend_id`, `status`, `requested_at`, `confirmed_at`) VALUES (66, 57, '1', '1996-03-03 16:41:33', '1983-09-20 05:41:36');
INSERT INTO `friendship` (`user_id`, `friend_id`, `status`, `requested_at`, `confirmed_at`) VALUES (67, 36, '', '1993-01-27 01:17:32', '1999-01-09 18:33:17');
INSERT INTO `friendship` (`user_id`, `friend_id`, `status`, `requested_at`, `confirmed_at`) VALUES (68, 48, '1', '1999-05-31 22:35:21', '2003-07-03 11:15:38');
INSERT INTO `friendship` (`user_id`, `friend_id`, `status`, `requested_at`, `confirmed_at`) VALUES (69, 33, '', '1988-12-23 06:36:42', '2018-09-20 02:06:20');
INSERT INTO `friendship` (`user_id`, `friend_id`, `status`, `requested_at`, `confirmed_at`) VALUES (70, 4, '1', '1983-02-11 05:17:46', '2012-09-27 18:35:44');
INSERT INTO `friendship` (`user_id`, `friend_id`, `status`, `requested_at`, `confirmed_at`) VALUES (71, 64, '', '1973-10-08 17:23:33', '2016-08-01 23:30:11');
INSERT INTO `friendship` (`user_id`, `friend_id`, `status`, `requested_at`, `confirmed_at`) VALUES (72, 52, '1', '2010-03-16 11:00:55', '1979-05-17 03:51:46');
INSERT INTO `friendship` (`user_id`, `friend_id`, `status`, `requested_at`, `confirmed_at`) VALUES (73, 30, '', '2017-04-25 09:32:11', '1997-05-11 10:29:35');
INSERT INTO `friendship` (`user_id`, `friend_id`, `status`, `requested_at`, `confirmed_at`) VALUES (74, 64, '', '2013-01-01 20:02:07', '2000-04-02 07:54:43');
INSERT INTO `friendship` (`user_id`, `friend_id`, `status`, `requested_at`, `confirmed_at`) VALUES (75, 6, '1', '2002-10-09 08:21:23', '1991-04-25 07:04:10');
INSERT INTO `friendship` (`user_id`, `friend_id`, `status`, `requested_at`, `confirmed_at`) VALUES (76, 71, '1', '1973-08-06 16:42:23', '1990-11-25 03:05:24');
INSERT INTO `friendship` (`user_id`, `friend_id`, `status`, `requested_at`, `confirmed_at`) VALUES (77, 46, '', '1973-03-19 15:40:14', '2001-05-21 21:15:23');
INSERT INTO `friendship` (`user_id`, `friend_id`, `status`, `requested_at`, `confirmed_at`) VALUES (78, 94, '', '2012-04-21 13:32:26', '1973-10-18 18:22:38');
INSERT INTO `friendship` (`user_id`, `friend_id`, `status`, `requested_at`, `confirmed_at`) VALUES (79, 19, '', '2010-07-31 17:20:10', '1982-10-27 12:53:34');
INSERT INTO `friendship` (`user_id`, `friend_id`, `status`, `requested_at`, `confirmed_at`) VALUES (80, 94, '', '2018-02-25 11:09:57', '1976-07-05 03:52:47');
INSERT INTO `friendship` (`user_id`, `friend_id`, `status`, `requested_at`, `confirmed_at`) VALUES (81, 30, '', '1999-11-09 17:04:16', '2016-08-25 07:45:01');
INSERT INTO `friendship` (`user_id`, `friend_id`, `status`, `requested_at`, `confirmed_at`) VALUES (82, 57, '', '1998-05-05 17:53:49', '1972-01-20 21:03:25');
INSERT INTO `friendship` (`user_id`, `friend_id`, `status`, `requested_at`, `confirmed_at`) VALUES (83, 14, '1', '1978-10-13 13:14:43', '2012-11-18 01:29:24');
INSERT INTO `friendship` (`user_id`, `friend_id`, `status`, `requested_at`, `confirmed_at`) VALUES (84, 40, '1', '1971-06-08 06:27:37', '1992-07-28 23:20:40');
INSERT INTO `friendship` (`user_id`, `friend_id`, `status`, `requested_at`, `confirmed_at`) VALUES (85, 36, '', '2018-05-28 06:33:12', '1987-07-08 22:32:47');
INSERT INTO `friendship` (`user_id`, `friend_id`, `status`, `requested_at`, `confirmed_at`) VALUES (86, 8, '', '1985-12-30 23:35:43', '2005-12-28 08:17:55');
INSERT INTO `friendship` (`user_id`, `friend_id`, `status`, `requested_at`, `confirmed_at`) VALUES (87, 96, '1', '2018-12-18 04:00:23', '1976-12-25 23:27:37');
INSERT INTO `friendship` (`user_id`, `friend_id`, `status`, `requested_at`, `confirmed_at`) VALUES (88, 88, '', '2001-11-27 07:24:26', '2000-06-22 21:46:57');
INSERT INTO `friendship` (`user_id`, `friend_id`, `status`, `requested_at`, `confirmed_at`) VALUES (89, 23, '1', '2010-03-03 13:27:43', '2006-06-16 09:01:54');
INSERT INTO `friendship` (`user_id`, `friend_id`, `status`, `requested_at`, `confirmed_at`) VALUES (90, 78, '1', '2017-10-19 06:41:08', '2016-07-27 13:04:39');
INSERT INTO `friendship` (`user_id`, `friend_id`, `status`, `requested_at`, `confirmed_at`) VALUES (91, 64, '1', '1976-05-15 22:12:58', '1994-04-23 22:33:33');
INSERT INTO `friendship` (`user_id`, `friend_id`, `status`, `requested_at`, `confirmed_at`) VALUES (92, 26, '1', '1971-02-27 14:48:43', '1986-10-26 06:29:04');
INSERT INTO `friendship` (`user_id`, `friend_id`, `status`, `requested_at`, `confirmed_at`) VALUES (93, 38, '1', '1981-01-17 04:22:30', '2017-07-26 12:10:36');
INSERT INTO `friendship` (`user_id`, `friend_id`, `status`, `requested_at`, `confirmed_at`) VALUES (94, 95, '', '1990-08-28 15:03:15', '2012-07-20 06:02:00');
INSERT INTO `friendship` (`user_id`, `friend_id`, `status`, `requested_at`, `confirmed_at`) VALUES (95, 24, '1', '2014-06-07 23:30:20', '1994-06-04 16:45:58');
INSERT INTO `friendship` (`user_id`, `friend_id`, `status`, `requested_at`, `confirmed_at`) VALUES (96, 99, '1', '2009-09-16 01:07:41', '2012-11-21 09:45:24');
INSERT INTO `friendship` (`user_id`, `friend_id`, `status`, `requested_at`, `confirmed_at`) VALUES (97, 3, '', '2011-07-30 20:21:15', '1985-09-20 20:59:50');
INSERT INTO `friendship` (`user_id`, `friend_id`, `status`, `requested_at`, `confirmed_at`) VALUES (98, 55, '', '1986-10-24 08:35:26', '1981-06-20 16:02:50');
INSERT INTO `friendship` (`user_id`, `friend_id`, `status`, `requested_at`, `confirmed_at`) VALUES (99, 46, '1', '2018-12-19 09:53:43', '1992-07-26 07:57:30');
INSERT INTO `friendship` (`user_id`, `friend_id`, `status`, `requested_at`, `confirmed_at`) VALUES (100, 86, '1', '1990-09-24 10:12:45', '1984-01-12 18:45:12');


#
# TABLE STRUCTURE FOR: like_types
#

DROP TABLE IF EXISTS `like_types`;

CREATE TABLE `like_types` (
  `id` int(10) unsigned NOT NULL AUTO_INCREMENT,
  `name` varchar(255) COLLATE utf8_unicode_ci NOT NULL,
  PRIMARY KEY (`id`),
  UNIQUE KEY `name` (`name`)
) ENGINE=InnoDB AUTO_INCREMENT=6 DEFAULT CHARSET=utf8 COLLATE=utf8_unicode_ci;

INSERT INTO `like_types` (`id`, `name`) VALUES (4, ' audio');
INSERT INTO `like_types` (`id`, `name`) VALUES (3, ' message');
INSERT INTO `like_types` (`id`, `name`) VALUES (5, ' user');
INSERT INTO `like_types` (`id`, `name`) VALUES (2, ' video');
INSERT INTO `like_types` (`id`, `name`) VALUES (1, 'photo');


#
# TABLE STRUCTURE FOR: likes
#

DROP TABLE IF EXISTS `likes`;

CREATE TABLE `likes` (
  `id` int(10) unsigned NOT NULL AUTO_INCREMENT,
  `item_id` int(10) unsigned NOT NULL,
  `like_type_id` int(10) unsigned NOT NULL,
  `user_id` int(10) unsigned NOT NULL,
  `created_at` datetime DEFAULT current_timestamp(),
  `updated_at` datetime DEFAULT current_timestamp() ON UPDATE current_timestamp(),
  PRIMARY KEY (`id`)
) ENGINE=InnoDB AUTO_INCREMENT=101 DEFAULT CHARSET=utf8 COLLATE=utf8_unicode_ci;

INSERT INTO `likes` (`id`, `item_id`, `like_type_id`, `user_id`, `created_at`, `updated_at`) VALUES (1, 53, 1, 1, '1993-04-05 06:33:51', '2000-12-11 19:33:11');
INSERT INTO `likes` (`id`, `item_id`, `like_type_id`, `user_id`, `created_at`, `updated_at`) VALUES (2, 41, 2, 2, '1973-04-03 18:03:29', '2015-05-04 06:07:49');
INSERT INTO `likes` (`id`, `item_id`, `like_type_id`, `user_id`, `created_at`, `updated_at`) VALUES (3, 59, 3, 3, '1980-09-15 23:15:14', '1981-09-20 10:36:33');
INSERT INTO `likes` (`id`, `item_id`, `like_type_id`, `user_id`, `created_at`, `updated_at`) VALUES (4, 40, 4, 4, '1971-01-08 14:26:09', '2007-05-04 06:36:10');
INSERT INTO `likes` (`id`, `item_id`, `like_type_id`, `user_id`, `created_at`, `updated_at`) VALUES (5, 50, 5, 5, '1998-06-24 13:29:04', '1971-06-01 19:50:38');
INSERT INTO `likes` (`id`, `item_id`, `like_type_id`, `user_id`, `created_at`, `updated_at`) VALUES (6, 29, 1, 6, '1992-12-11 00:15:25', '1989-12-30 02:06:18');
INSERT INTO `likes` (`id`, `item_id`, `like_type_id`, `user_id`, `created_at`, `updated_at`) VALUES (7, 87, 2, 7, '2007-12-20 05:17:52', '2009-06-11 01:19:54');
INSERT INTO `likes` (`id`, `item_id`, `like_type_id`, `user_id`, `created_at`, `updated_at`) VALUES (8, 23, 3, 8, '2007-07-01 20:52:50', '2005-10-29 05:21:49');
INSERT INTO `likes` (`id`, `item_id`, `like_type_id`, `user_id`, `created_at`, `updated_at`) VALUES (9, 8, 4, 9, '1980-11-21 02:28:35', '1987-02-27 22:15:16');
INSERT INTO `likes` (`id`, `item_id`, `like_type_id`, `user_id`, `created_at`, `updated_at`) VALUES (10, 10, 5, 10, '2010-12-10 09:14:45', '1981-11-07 23:36:05');
INSERT INTO `likes` (`id`, `item_id`, `like_type_id`, `user_id`, `created_at`, `updated_at`) VALUES (11, 91, 1, 11, '2019-06-26 21:36:08', '1998-08-19 14:58:37');
INSERT INTO `likes` (`id`, `item_id`, `like_type_id`, `user_id`, `created_at`, `updated_at`) VALUES (12, 2, 2, 12, '1986-03-11 10:39:00', '1983-02-26 18:54:10');
INSERT INTO `likes` (`id`, `item_id`, `like_type_id`, `user_id`, `created_at`, `updated_at`) VALUES (13, 57, 3, 13, '1977-12-08 16:12:43', '2019-04-20 14:09:52');
INSERT INTO `likes` (`id`, `item_id`, `like_type_id`, `user_id`, `created_at`, `updated_at`) VALUES (14, 75, 4, 14, '1997-02-04 16:41:43', '1986-12-07 06:47:30');
INSERT INTO `likes` (`id`, `item_id`, `like_type_id`, `user_id`, `created_at`, `updated_at`) VALUES (15, 71, 5, 15, '2009-04-08 15:15:09', '1986-11-01 05:17:28');
INSERT INTO `likes` (`id`, `item_id`, `like_type_id`, `user_id`, `created_at`, `updated_at`) VALUES (16, 85, 1, 16, '2005-10-28 10:37:01', '2001-05-20 12:17:39');
INSERT INTO `likes` (`id`, `item_id`, `like_type_id`, `user_id`, `created_at`, `updated_at`) VALUES (17, 88, 2, 17, '2010-10-20 14:07:34', '1988-02-01 08:00:31');
INSERT INTO `likes` (`id`, `item_id`, `like_type_id`, `user_id`, `created_at`, `updated_at`) VALUES (18, 18, 3, 18, '1995-03-12 14:46:01', '2002-02-07 05:03:05');
INSERT INTO `likes` (`id`, `item_id`, `like_type_id`, `user_id`, `created_at`, `updated_at`) VALUES (19, 13, 4, 19, '1974-04-21 08:03:01', '2005-02-14 02:19:09');
INSERT INTO `likes` (`id`, `item_id`, `like_type_id`, `user_id`, `created_at`, `updated_at`) VALUES (20, 26, 5, 20, '2016-02-07 15:40:05', '2007-09-24 13:50:14');
INSERT INTO `likes` (`id`, `item_id`, `like_type_id`, `user_id`, `created_at`, `updated_at`) VALUES (21, 44, 1, 21, '1997-12-23 13:44:12', '1985-06-08 21:43:13');
INSERT INTO `likes` (`id`, `item_id`, `like_type_id`, `user_id`, `created_at`, `updated_at`) VALUES (22, 58, 2, 22, '1985-03-03 07:01:31', '1972-09-23 11:03:48');
INSERT INTO `likes` (`id`, `item_id`, `like_type_id`, `user_id`, `created_at`, `updated_at`) VALUES (23, 54, 3, 23, '1981-12-16 23:22:37', '1993-12-02 17:56:52');
INSERT INTO `likes` (`id`, `item_id`, `like_type_id`, `user_id`, `created_at`, `updated_at`) VALUES (24, 64, 4, 24, '2015-05-29 23:06:18', '2008-11-12 12:22:43');
INSERT INTO `likes` (`id`, `item_id`, `like_type_id`, `user_id`, `created_at`, `updated_at`) VALUES (25, 88, 5, 25, '2007-05-08 05:20:52', '1991-04-10 10:38:38');
INSERT INTO `likes` (`id`, `item_id`, `like_type_id`, `user_id`, `created_at`, `updated_at`) VALUES (26, 70, 1, 26, '2002-11-13 04:04:44', '1976-01-03 07:40:25');
INSERT INTO `likes` (`id`, `item_id`, `like_type_id`, `user_id`, `created_at`, `updated_at`) VALUES (27, 91, 2, 27, '2009-07-17 05:11:08', '1976-09-08 16:33:21');
INSERT INTO `likes` (`id`, `item_id`, `like_type_id`, `user_id`, `created_at`, `updated_at`) VALUES (28, 23, 3, 28, '2000-12-02 04:05:53', '1976-03-11 12:09:59');
INSERT INTO `likes` (`id`, `item_id`, `like_type_id`, `user_id`, `created_at`, `updated_at`) VALUES (29, 24, 4, 29, '2001-12-29 09:08:24', '2000-04-18 09:37:25');
INSERT INTO `likes` (`id`, `item_id`, `like_type_id`, `user_id`, `created_at`, `updated_at`) VALUES (30, 4, 5, 30, '1997-10-06 10:31:29', '2008-02-27 02:37:00');
INSERT INTO `likes` (`id`, `item_id`, `like_type_id`, `user_id`, `created_at`, `updated_at`) VALUES (31, 25, 1, 31, '1983-03-20 06:04:42', '2016-01-03 15:07:30');
INSERT INTO `likes` (`id`, `item_id`, `like_type_id`, `user_id`, `created_at`, `updated_at`) VALUES (32, 13, 2, 32, '1991-12-02 20:39:14', '1987-06-04 00:32:04');
INSERT INTO `likes` (`id`, `item_id`, `like_type_id`, `user_id`, `created_at`, `updated_at`) VALUES (33, 22, 3, 33, '2002-04-30 00:51:27', '1997-06-25 01:11:14');
INSERT INTO `likes` (`id`, `item_id`, `like_type_id`, `user_id`, `created_at`, `updated_at`) VALUES (34, 14, 4, 34, '1987-11-17 01:06:23', '2013-07-30 10:22:39');
INSERT INTO `likes` (`id`, `item_id`, `like_type_id`, `user_id`, `created_at`, `updated_at`) VALUES (35, 30, 5, 35, '1988-03-03 22:57:57', '2000-05-18 08:53:15');
INSERT INTO `likes` (`id`, `item_id`, `like_type_id`, `user_id`, `created_at`, `updated_at`) VALUES (36, 95, 1, 36, '1973-12-10 19:32:10', '2014-07-11 09:20:12');
INSERT INTO `likes` (`id`, `item_id`, `like_type_id`, `user_id`, `created_at`, `updated_at`) VALUES (37, 11, 2, 37, '1984-07-31 17:42:31', '2009-04-23 19:26:09');
INSERT INTO `likes` (`id`, `item_id`, `like_type_id`, `user_id`, `created_at`, `updated_at`) VALUES (38, 12, 3, 38, '1986-08-02 14:38:41', '2008-06-08 03:00:25');
INSERT INTO `likes` (`id`, `item_id`, `like_type_id`, `user_id`, `created_at`, `updated_at`) VALUES (39, 33, 4, 39, '1995-10-28 01:05:35', '2004-03-20 17:32:55');
INSERT INTO `likes` (`id`, `item_id`, `like_type_id`, `user_id`, `created_at`, `updated_at`) VALUES (40, 64, 5, 40, '1978-03-11 02:37:50', '1990-04-24 19:52:43');
INSERT INTO `likes` (`id`, `item_id`, `like_type_id`, `user_id`, `created_at`, `updated_at`) VALUES (41, 3, 1, 41, '1983-02-23 10:18:29', '2011-07-03 03:51:44');
INSERT INTO `likes` (`id`, `item_id`, `like_type_id`, `user_id`, `created_at`, `updated_at`) VALUES (42, 37, 2, 42, '1982-04-16 12:15:05', '1985-08-04 17:37:33');
INSERT INTO `likes` (`id`, `item_id`, `like_type_id`, `user_id`, `created_at`, `updated_at`) VALUES (43, 2, 3, 43, '2003-04-11 18:42:50', '1992-04-26 10:21:41');
INSERT INTO `likes` (`id`, `item_id`, `like_type_id`, `user_id`, `created_at`, `updated_at`) VALUES (44, 38, 4, 44, '1971-07-04 05:45:19', '2004-05-11 20:06:04');
INSERT INTO `likes` (`id`, `item_id`, `like_type_id`, `user_id`, `created_at`, `updated_at`) VALUES (45, 50, 5, 45, '1988-10-21 19:49:06', '1979-07-07 03:46:06');
INSERT INTO `likes` (`id`, `item_id`, `like_type_id`, `user_id`, `created_at`, `updated_at`) VALUES (46, 18, 1, 46, '1996-07-03 12:08:50', '1974-03-01 21:02:09');
INSERT INTO `likes` (`id`, `item_id`, `like_type_id`, `user_id`, `created_at`, `updated_at`) VALUES (47, 90, 2, 47, '1991-06-13 22:19:16', '1984-11-13 13:29:42');
INSERT INTO `likes` (`id`, `item_id`, `like_type_id`, `user_id`, `created_at`, `updated_at`) VALUES (48, 30, 3, 48, '1975-03-01 12:33:22', '2015-04-30 16:48:09');
INSERT INTO `likes` (`id`, `item_id`, `like_type_id`, `user_id`, `created_at`, `updated_at`) VALUES (49, 91, 4, 49, '1989-09-29 19:03:58', '1984-08-04 07:40:13');
INSERT INTO `likes` (`id`, `item_id`, `like_type_id`, `user_id`, `created_at`, `updated_at`) VALUES (50, 25, 5, 50, '2008-09-14 06:33:23', '2004-05-18 23:59:27');
INSERT INTO `likes` (`id`, `item_id`, `like_type_id`, `user_id`, `created_at`, `updated_at`) VALUES (51, 99, 1, 51, '1973-02-04 09:06:37', '1987-01-26 19:12:43');
INSERT INTO `likes` (`id`, `item_id`, `like_type_id`, `user_id`, `created_at`, `updated_at`) VALUES (52, 11, 2, 52, '2002-11-10 17:38:34', '2019-01-24 23:46:15');
INSERT INTO `likes` (`id`, `item_id`, `like_type_id`, `user_id`, `created_at`, `updated_at`) VALUES (53, 65, 3, 53, '1979-03-20 14:35:15', '2006-02-11 20:19:51');
INSERT INTO `likes` (`id`, `item_id`, `like_type_id`, `user_id`, `created_at`, `updated_at`) VALUES (54, 28, 4, 54, '1991-05-23 15:40:16', '1998-09-14 12:59:06');
INSERT INTO `likes` (`id`, `item_id`, `like_type_id`, `user_id`, `created_at`, `updated_at`) VALUES (55, 60, 5, 55, '1981-09-10 09:06:03', '2019-01-15 02:08:53');
INSERT INTO `likes` (`id`, `item_id`, `like_type_id`, `user_id`, `created_at`, `updated_at`) VALUES (56, 88, 1, 56, '2015-04-26 04:05:10', '1992-04-23 12:11:35');
INSERT INTO `likes` (`id`, `item_id`, `like_type_id`, `user_id`, `created_at`, `updated_at`) VALUES (57, 87, 2, 57, '1990-12-09 12:13:54', '2017-02-22 06:07:02');
INSERT INTO `likes` (`id`, `item_id`, `like_type_id`, `user_id`, `created_at`, `updated_at`) VALUES (58, 28, 3, 58, '2004-05-14 07:40:00', '1971-07-31 10:55:10');
INSERT INTO `likes` (`id`, `item_id`, `like_type_id`, `user_id`, `created_at`, `updated_at`) VALUES (59, 83, 4, 59, '1977-05-13 21:03:57', '2009-04-02 07:52:07');
INSERT INTO `likes` (`id`, `item_id`, `like_type_id`, `user_id`, `created_at`, `updated_at`) VALUES (60, 79, 5, 60, '1978-04-20 00:11:55', '1996-01-13 17:19:36');
INSERT INTO `likes` (`id`, `item_id`, `like_type_id`, `user_id`, `created_at`, `updated_at`) VALUES (61, 54, 1, 61, '1999-03-15 18:25:38', '1991-02-16 18:20:47');
INSERT INTO `likes` (`id`, `item_id`, `like_type_id`, `user_id`, `created_at`, `updated_at`) VALUES (62, 84, 2, 62, '2016-10-06 08:57:38', '1993-07-31 19:35:22');
INSERT INTO `likes` (`id`, `item_id`, `like_type_id`, `user_id`, `created_at`, `updated_at`) VALUES (63, 14, 3, 63, '2016-05-16 09:31:57', '1991-12-02 00:12:42');
INSERT INTO `likes` (`id`, `item_id`, `like_type_id`, `user_id`, `created_at`, `updated_at`) VALUES (64, 65, 4, 64, '1971-01-28 14:26:25', '2003-05-08 22:33:41');
INSERT INTO `likes` (`id`, `item_id`, `like_type_id`, `user_id`, `created_at`, `updated_at`) VALUES (65, 92, 5, 65, '2002-10-19 02:37:13', '1994-08-16 06:36:35');
INSERT INTO `likes` (`id`, `item_id`, `like_type_id`, `user_id`, `created_at`, `updated_at`) VALUES (66, 69, 1, 66, '1983-09-14 20:56:48', '1995-02-05 07:19:52');
INSERT INTO `likes` (`id`, `item_id`, `like_type_id`, `user_id`, `created_at`, `updated_at`) VALUES (67, 50, 2, 67, '1985-07-14 09:31:59', '2000-11-12 20:40:29');
INSERT INTO `likes` (`id`, `item_id`, `like_type_id`, `user_id`, `created_at`, `updated_at`) VALUES (68, 3, 3, 68, '1998-01-10 07:03:11', '2008-06-11 11:18:47');
INSERT INTO `likes` (`id`, `item_id`, `like_type_id`, `user_id`, `created_at`, `updated_at`) VALUES (69, 7, 4, 69, '1972-11-28 19:57:18', '1981-06-09 00:34:10');
INSERT INTO `likes` (`id`, `item_id`, `like_type_id`, `user_id`, `created_at`, `updated_at`) VALUES (70, 67, 5, 70, '2005-05-11 08:59:10', '1979-03-23 23:20:10');
INSERT INTO `likes` (`id`, `item_id`, `like_type_id`, `user_id`, `created_at`, `updated_at`) VALUES (71, 52, 1, 71, '1989-10-25 01:24:08', '1981-03-10 01:11:47');
INSERT INTO `likes` (`id`, `item_id`, `like_type_id`, `user_id`, `created_at`, `updated_at`) VALUES (72, 14, 2, 72, '2011-12-09 10:29:14', '1982-04-18 04:17:57');
INSERT INTO `likes` (`id`, `item_id`, `like_type_id`, `user_id`, `created_at`, `updated_at`) VALUES (73, 47, 3, 73, '1993-01-21 16:05:46', '1992-01-20 03:28:29');
INSERT INTO `likes` (`id`, `item_id`, `like_type_id`, `user_id`, `created_at`, `updated_at`) VALUES (74, 33, 4, 74, '2013-12-12 14:22:07', '1979-01-02 04:27:05');
INSERT INTO `likes` (`id`, `item_id`, `like_type_id`, `user_id`, `created_at`, `updated_at`) VALUES (75, 57, 5, 75, '2015-05-01 06:57:44', '1975-06-20 22:45:50');
INSERT INTO `likes` (`id`, `item_id`, `like_type_id`, `user_id`, `created_at`, `updated_at`) VALUES (76, 40, 1, 76, '1975-03-22 07:10:08', '2009-10-11 02:38:48');
INSERT INTO `likes` (`id`, `item_id`, `like_type_id`, `user_id`, `created_at`, `updated_at`) VALUES (77, 96, 2, 77, '1973-09-26 00:29:26', '1992-08-20 15:43:48');
INSERT INTO `likes` (`id`, `item_id`, `like_type_id`, `user_id`, `created_at`, `updated_at`) VALUES (78, 93, 3, 78, '2011-01-14 05:14:56', '2000-08-25 16:45:41');
INSERT INTO `likes` (`id`, `item_id`, `like_type_id`, `user_id`, `created_at`, `updated_at`) VALUES (79, 65, 4, 79, '2010-12-12 14:24:02', '1985-08-17 09:08:34');
INSERT INTO `likes` (`id`, `item_id`, `like_type_id`, `user_id`, `created_at`, `updated_at`) VALUES (80, 23, 5, 80, '1989-05-10 21:19:50', '1997-05-30 18:13:00');
INSERT INTO `likes` (`id`, `item_id`, `like_type_id`, `user_id`, `created_at`, `updated_at`) VALUES (81, 64, 1, 81, '1972-10-22 09:32:21', '1999-02-27 11:10:31');
INSERT INTO `likes` (`id`, `item_id`, `like_type_id`, `user_id`, `created_at`, `updated_at`) VALUES (82, 97, 2, 82, '1979-08-15 00:12:26', '2001-11-16 13:40:45');
INSERT INTO `likes` (`id`, `item_id`, `like_type_id`, `user_id`, `created_at`, `updated_at`) VALUES (83, 84, 3, 83, '1977-04-14 13:02:17', '1998-01-12 10:42:27');
INSERT INTO `likes` (`id`, `item_id`, `like_type_id`, `user_id`, `created_at`, `updated_at`) VALUES (84, 98, 4, 84, '1976-10-19 15:42:51', '1987-05-27 15:49:51');
INSERT INTO `likes` (`id`, `item_id`, `like_type_id`, `user_id`, `created_at`, `updated_at`) VALUES (85, 74, 5, 85, '2011-01-12 15:09:35', '2009-05-29 20:11:42');
INSERT INTO `likes` (`id`, `item_id`, `like_type_id`, `user_id`, `created_at`, `updated_at`) VALUES (86, 55, 1, 86, '2017-11-08 02:04:54', '2005-09-07 10:35:48');
INSERT INTO `likes` (`id`, `item_id`, `like_type_id`, `user_id`, `created_at`, `updated_at`) VALUES (87, 96, 2, 87, '2004-05-29 20:26:42', '1995-05-21 00:06:40');
INSERT INTO `likes` (`id`, `item_id`, `like_type_id`, `user_id`, `created_at`, `updated_at`) VALUES (88, 30, 3, 88, '1982-04-07 15:05:33', '2004-09-30 19:51:57');
INSERT INTO `likes` (`id`, `item_id`, `like_type_id`, `user_id`, `created_at`, `updated_at`) VALUES (89, 11, 4, 89, '1987-06-23 06:01:02', '1982-01-11 23:24:39');
INSERT INTO `likes` (`id`, `item_id`, `like_type_id`, `user_id`, `created_at`, `updated_at`) VALUES (90, 45, 5, 90, '1994-11-20 15:20:37', '2016-01-31 23:52:47');
INSERT INTO `likes` (`id`, `item_id`, `like_type_id`, `user_id`, `created_at`, `updated_at`) VALUES (91, 14, 1, 91, '1984-12-14 00:13:50', '2006-10-02 19:05:24');
INSERT INTO `likes` (`id`, `item_id`, `like_type_id`, `user_id`, `created_at`, `updated_at`) VALUES (92, 50, 2, 92, '1973-05-15 00:07:38', '1972-09-05 07:25:20');
INSERT INTO `likes` (`id`, `item_id`, `like_type_id`, `user_id`, `created_at`, `updated_at`) VALUES (93, 44, 3, 93, '1998-04-30 06:08:40', '1982-06-28 22:36:49');
INSERT INTO `likes` (`id`, `item_id`, `like_type_id`, `user_id`, `created_at`, `updated_at`) VALUES (94, 53, 4, 94, '1997-05-19 13:51:07', '1991-04-14 01:35:03');
INSERT INTO `likes` (`id`, `item_id`, `like_type_id`, `user_id`, `created_at`, `updated_at`) VALUES (95, 98, 5, 95, '1996-06-13 18:41:50', '2016-10-25 17:53:41');
INSERT INTO `likes` (`id`, `item_id`, `like_type_id`, `user_id`, `created_at`, `updated_at`) VALUES (96, 59, 1, 96, '2010-05-11 05:41:40', '2007-04-30 15:06:49');
INSERT INTO `likes` (`id`, `item_id`, `like_type_id`, `user_id`, `created_at`, `updated_at`) VALUES (97, 71, 2, 97, '1973-10-25 19:19:13', '1977-12-01 04:41:16');
INSERT INTO `likes` (`id`, `item_id`, `like_type_id`, `user_id`, `created_at`, `updated_at`) VALUES (98, 57, 3, 98, '1984-03-20 21:54:53', '1970-09-07 14:08:45');
INSERT INTO `likes` (`id`, `item_id`, `like_type_id`, `user_id`, `created_at`, `updated_at`) VALUES (99, 11, 4, 99, '2009-09-20 20:43:44', '2015-07-19 07:09:47');
INSERT INTO `likes` (`id`, `item_id`, `like_type_id`, `user_id`, `created_at`, `updated_at`) VALUES (100, 34, 5, 100, '1991-05-18 01:58:57', '2013-06-27 18:31:12');


#
# TABLE STRUCTURE FOR: media
#

DROP TABLE IF EXISTS `media`;

CREATE TABLE `media` (
  `id` int(10) unsigned NOT NULL AUTO_INCREMENT,
  `media_type_id` int(10) unsigned NOT NULL,
  `user_id` int(10) unsigned NOT NULL,
  `filename` varchar(255) COLLATE utf8_unicode_ci NOT NULL,
  `size` int(11) NOT NULL,
  `metadata` longtext CHARACTER SET utf8mb4 COLLATE utf8mb4_bin DEFAULT NULL,
  `created_at` datetime DEFAULT current_timestamp(),
  `updated_at` datetime DEFAULT current_timestamp() ON UPDATE current_timestamp(),
  PRIMARY KEY (`id`)
) ENGINE=InnoDB AUTO_INCREMENT=101 DEFAULT CHARSET=utf8 COLLATE=utf8_unicode_ci;

INSERT INTO `media` (`id`, `media_type_id`, `user_id`, `filename`, `size`, `metadata`, `created_at`, `updated_at`) VALUES (1, 2, 1, 'obdnxncveccyiz', 559630, '584d4313c2a5a0abfd90322aa6912a01237b6b55', '2018-05-14 04:47:37', '2017-04-16 12:49:25');
INSERT INTO `media` (`id`, `media_type_id`, `user_id`, `filename`, `size`, `metadata`, `created_at`, `updated_at`) VALUES (2, 1, 2, 'tfttvuobefqdfz', 448938, '2fdbbb691109c4701aeab76aae4bf269025e2eaf', '2013-12-27 04:29:54', '2010-06-29 12:19:16');
INSERT INTO `media` (`id`, `media_type_id`, `user_id`, `filename`, `size`, `metadata`, `created_at`, `updated_at`) VALUES (3, 2, 3, 'sjtsxbtamglzlq', 695481, '9e699bb896b3d2551ffd3981b4a0113c88eed27f', '2002-03-10 22:42:57', '1985-12-08 00:02:58');
INSERT INTO `media` (`id`, `media_type_id`, `user_id`, `filename`, `size`, `metadata`, `created_at`, `updated_at`) VALUES (4, 1, 4, 'nljijdovnlmaor', 849283, '3e19b2867d556df9321069d6e5f560e99585b905', '2001-10-04 10:24:10', '2014-05-31 17:00:17');
INSERT INTO `media` (`id`, `media_type_id`, `user_id`, `filename`, `size`, `metadata`, `created_at`, `updated_at`) VALUES (5, 3, 5, 'hddoaxacujkvoy', 693115, '43ebdc4cbbbe2822de5a0545ba4d65d2a543335e', '1991-06-08 06:51:49', '1972-01-24 02:14:39');
INSERT INTO `media` (`id`, `media_type_id`, `user_id`, `filename`, `size`, `metadata`, `created_at`, `updated_at`) VALUES (6, 2, 6, 'wpjieobrxksgsx', 558328, '5e0658c37814b33d7fc68841c94d15a10c5a6942', '2009-07-24 03:14:46', '1995-09-15 14:42:23');
INSERT INTO `media` (`id`, `media_type_id`, `user_id`, `filename`, `size`, `metadata`, `created_at`, `updated_at`) VALUES (7, 1, 7, 'sxqrsjqidwobnt', 565238, '9759974bbf43241218c0677a5cf8e52380fc9812', '2005-12-01 15:16:06', '1993-01-11 21:36:03');
INSERT INTO `media` (`id`, `media_type_id`, `user_id`, `filename`, `size`, `metadata`, `created_at`, `updated_at`) VALUES (8, 1, 8, 'havcpfvggnvgwg', 802714, '935f960057bcb371a4bac4380442f3c331010a1f', '1972-06-20 22:20:35', '2014-02-19 09:47:15');
INSERT INTO `media` (`id`, `media_type_id`, `user_id`, `filename`, `size`, `metadata`, `created_at`, `updated_at`) VALUES (9, 2, 9, 'tqwgqykjagnofk', 722361, '4a43f35c84fcb68d50685d7ba2085d4d02ae30f7', '2015-08-20 16:48:27', '1999-10-30 22:09:15');
INSERT INTO `media` (`id`, `media_type_id`, `user_id`, `filename`, `size`, `metadata`, `created_at`, `updated_at`) VALUES (10, 1, 10, 'alsockbaqkckmm', 221653, 'd3bf96ec55ebb5ff734c641b13d1be2e32fbd690', '1970-09-21 14:21:33', '1971-09-02 21:12:30');
INSERT INTO `media` (`id`, `media_type_id`, `user_id`, `filename`, `size`, `metadata`, `created_at`, `updated_at`) VALUES (11, 2, 11, 'yekbeyonshlord', 206827, '6e0bdb0c6f4d9b1d30733db0ade0fed32dc38b21', '1985-04-03 10:31:59', '1975-03-20 01:07:06');
INSERT INTO `media` (`id`, `media_type_id`, `user_id`, `filename`, `size`, `metadata`, `created_at`, `updated_at`) VALUES (12, 2, 12, 'zdtabpsfozlpbx', 764721, '50c1ebf4b10f864a509fa7cea50afc373eaf00e1', '1991-05-18 21:11:07', '1997-11-26 10:24:14');
INSERT INTO `media` (`id`, `media_type_id`, `user_id`, `filename`, `size`, `metadata`, `created_at`, `updated_at`) VALUES (13, 1, 13, 'recojuhbsglrsh', 492341, 'c681df3440ccff0ee1a7ed5fe334f4b2b62fa7c6', '1971-11-18 04:18:22', '2002-01-17 11:39:31');
INSERT INTO `media` (`id`, `media_type_id`, `user_id`, `filename`, `size`, `metadata`, `created_at`, `updated_at`) VALUES (14, 3, 14, 'winbcqhpbatzjm', 858882, '1b83638647b4ac8d764c98b8267a6c9a45d242d0', '2007-06-18 23:05:40', '2012-10-07 12:41:14');
INSERT INTO `media` (`id`, `media_type_id`, `user_id`, `filename`, `size`, `metadata`, `created_at`, `updated_at`) VALUES (15, 2, 15, 'lxucunclckeyoi', 872168, 'f2837b65dc03638dc98d105967f3ec92a01f33ca', '2018-07-20 04:24:29', '1980-05-27 06:01:07');
INSERT INTO `media` (`id`, `media_type_id`, `user_id`, `filename`, `size`, `metadata`, `created_at`, `updated_at`) VALUES (16, 2, 16, 'btreoaevadhayq', 328273, '11ec7f14f442e2fcdb6f101df9799f7ee1da7d4f', '2005-10-06 08:19:49', '2017-07-07 15:55:33');
INSERT INTO `media` (`id`, `media_type_id`, `user_id`, `filename`, `size`, `metadata`, `created_at`, `updated_at`) VALUES (17, 2, 17, 'qsxktwmztonsvh', 704546, 'abbb1e38fd3f4fb43ad9b8f3b5eb5aceea9a454b', '2014-01-02 06:38:27', '2010-08-23 20:05:34');
INSERT INTO `media` (`id`, `media_type_id`, `user_id`, `filename`, `size`, `metadata`, `created_at`, `updated_at`) VALUES (18, 3, 18, 'shcgnrenldfukl', 756849, 'fec7923fc6b89c82c216366dc6b2be9621c2db10', '2008-06-19 19:43:34', '1995-05-22 05:27:23');
INSERT INTO `media` (`id`, `media_type_id`, `user_id`, `filename`, `size`, `metadata`, `created_at`, `updated_at`) VALUES (19, 2, 19, 'gxooccqghltewh', 331998, 'b739a0a3b2c02e5fbd5e701696daeb7e6d7f4c07', '1971-09-12 03:52:13', '1972-08-25 04:09:05');
INSERT INTO `media` (`id`, `media_type_id`, `user_id`, `filename`, `size`, `metadata`, `created_at`, `updated_at`) VALUES (20, 2, 20, 'tjduaicefbfazy', 833099, 'e28f4c647514f7ddba903ac69f87f6ff191f53b0', '2011-12-04 17:54:48', '1975-05-09 14:29:56');
INSERT INTO `media` (`id`, `media_type_id`, `user_id`, `filename`, `size`, `metadata`, `created_at`, `updated_at`) VALUES (21, 2, 21, 'iusxfzuiqzumwq', 450526, '8399d2630d721d24bfb02ec7c3decdf9e91bb814', '1978-05-19 18:59:33', '1971-06-06 11:22:38');
INSERT INTO `media` (`id`, `media_type_id`, `user_id`, `filename`, `size`, `metadata`, `created_at`, `updated_at`) VALUES (22, 2, 22, 'qhaanumosrwret', 367301, 'e78f8aa61495474f5a0e905f324483829b4eec5f', '2007-07-12 17:25:00', '1982-05-21 20:38:13');
INSERT INTO `media` (`id`, `media_type_id`, `user_id`, `filename`, `size`, `metadata`, `created_at`, `updated_at`) VALUES (23, 1, 23, 'iivaniahypemvt', 855239, '1d5116a3b64f7ecb08693145f94cae8364986d73', '1976-02-13 05:54:39', '1995-08-01 11:15:02');
INSERT INTO `media` (`id`, `media_type_id`, `user_id`, `filename`, `size`, `metadata`, `created_at`, `updated_at`) VALUES (24, 2, 24, 'ypiimvdvyibzii', 343645, '2a798bd3772de1fd13188ca34aecae222cb53032', '2002-09-14 13:29:08', '1999-05-30 09:21:05');
INSERT INTO `media` (`id`, `media_type_id`, `user_id`, `filename`, `size`, `metadata`, `created_at`, `updated_at`) VALUES (25, 2, 25, 'nmsoqrdtayxmhh', 602968, 'dda72ef6d5129e1d49a04d35230fdc0939dfa4fd', '1996-09-12 11:00:17', '2011-08-07 05:11:06');
INSERT INTO `media` (`id`, `media_type_id`, `user_id`, `filename`, `size`, `metadata`, `created_at`, `updated_at`) VALUES (26, 2, 26, 'kxoapwslgmciwr', 341327, 'b6e3ab5278fe5887d3bd6e636589f44f3a821a71', '1984-07-20 12:09:55', '1993-11-05 12:01:41');
INSERT INTO `media` (`id`, `media_type_id`, `user_id`, `filename`, `size`, `metadata`, `created_at`, `updated_at`) VALUES (27, 2, 27, 'aviyqhckhktuka', 628632, '86bdca8470eb5ab052780ad5a65c24b047d0a0b2', '1990-12-14 10:25:28', '2001-04-07 00:44:54');
INSERT INTO `media` (`id`, `media_type_id`, `user_id`, `filename`, `size`, `metadata`, `created_at`, `updated_at`) VALUES (28, 3, 28, 'mvphgnuxpkvvnf', 754580, 'e5c32fa9f9d6faa7925c2597ac9f4159c6db1968', '2002-05-04 05:58:55', '1976-06-04 01:30:54');
INSERT INTO `media` (`id`, `media_type_id`, `user_id`, `filename`, `size`, `metadata`, `created_at`, `updated_at`) VALUES (29, 2, 29, 'yaihtypcltbnfv', 549827, '1cc4112c09e68c843954feb9f5cccd43f79633ab', '1986-12-13 04:10:30', '2002-04-25 08:17:00');
INSERT INTO `media` (`id`, `media_type_id`, `user_id`, `filename`, `size`, `metadata`, `created_at`, `updated_at`) VALUES (30, 1, 30, 'vlyehbpnsmtdqy', 254341, '6a95c3cd189b0363e4ac061626518736a79e00e8', '1983-04-23 08:53:36', '2019-06-06 11:34:18');
INSERT INTO `media` (`id`, `media_type_id`, `user_id`, `filename`, `size`, `metadata`, `created_at`, `updated_at`) VALUES (31, 1, 31, 'yszkqwoysihgam', 794252, '6241e2b1725ee77fbd9bec8577434987ac9b60f8', '1981-11-03 22:58:18', '1997-08-10 09:10:51');
INSERT INTO `media` (`id`, `media_type_id`, `user_id`, `filename`, `size`, `metadata`, `created_at`, `updated_at`) VALUES (32, 3, 32, 'nbldunlnrqhzal', 403850, 'd328ed94b0d0fec19370daa982f54e1d2fe7fa20', '1996-05-25 21:16:43', '2015-08-11 13:09:39');
INSERT INTO `media` (`id`, `media_type_id`, `user_id`, `filename`, `size`, `metadata`, `created_at`, `updated_at`) VALUES (33, 1, 33, 'dgaxwoembdxlfv', 804607, '8490eb552aebc09b57e3d9872813482934161f61', '1988-09-30 00:44:03', '1970-04-04 06:34:56');
INSERT INTO `media` (`id`, `media_type_id`, `user_id`, `filename`, `size`, `metadata`, `created_at`, `updated_at`) VALUES (34, 1, 34, 'gajdfnauopjfyl', 246680, '19b6ec8ca0b82b51eb4390472923e9e60c7cf4ed', '2015-04-07 10:23:51', '1997-09-09 15:04:56');
INSERT INTO `media` (`id`, `media_type_id`, `user_id`, `filename`, `size`, `metadata`, `created_at`, `updated_at`) VALUES (35, 2, 35, 'jgadgrzkqsyhlx', 861449, '9fd28018aad7b37ad3ae4999afb127e906e0b9d6', '1980-02-15 07:56:23', '2006-08-30 05:30:07');
INSERT INTO `media` (`id`, `media_type_id`, `user_id`, `filename`, `size`, `metadata`, `created_at`, `updated_at`) VALUES (36, 2, 36, 'onbhdkatzjduwj', 584198, '3b20b1dca4ee25165a1bf506f1bbd057eeed86d7', '2014-06-26 22:28:30', '1997-11-27 20:44:51');
INSERT INTO `media` (`id`, `media_type_id`, `user_id`, `filename`, `size`, `metadata`, `created_at`, `updated_at`) VALUES (37, 1, 37, 'bdljtwlleafpcf', 200903, '04c4ddf63bf519edf522fe43f6614bf85ce054da', '2003-11-07 01:30:47', '1979-01-19 20:39:30');
INSERT INTO `media` (`id`, `media_type_id`, `user_id`, `filename`, `size`, `metadata`, `created_at`, `updated_at`) VALUES (38, 1, 38, 'ahsyepgcmzdeuz', 288217, 'f9db275401c39f1033823c0419c8ce08175b8c23', '1988-05-22 09:37:54', '2001-06-12 03:23:16');
INSERT INTO `media` (`id`, `media_type_id`, `user_id`, `filename`, `size`, `metadata`, `created_at`, `updated_at`) VALUES (39, 3, 39, 'gcbnhlwioaeesy', 675929, 'da5e41325d82f6ba93bf6858934001cc4908d7c2', '1971-02-25 09:06:18', '1988-02-16 20:00:59');
INSERT INTO `media` (`id`, `media_type_id`, `user_id`, `filename`, `size`, `metadata`, `created_at`, `updated_at`) VALUES (40, 1, 40, 'txmgoyodfztvzo', 491581, '96034f8dbaaa2672fce6f8eeacbadea698d49adf', '1999-04-01 12:57:14', '1992-09-16 22:26:09');
INSERT INTO `media` (`id`, `media_type_id`, `user_id`, `filename`, `size`, `metadata`, `created_at`, `updated_at`) VALUES (41, 1, 41, 'yepqrzkserhdai', 438521, 'd002f28a376386d89da9e9a878bea812b27b8a34', '2002-06-17 22:46:11', '1982-03-06 20:50:32');
INSERT INTO `media` (`id`, `media_type_id`, `user_id`, `filename`, `size`, `metadata`, `created_at`, `updated_at`) VALUES (42, 2, 42, 'osrextxwnthzth', 587892, '6e6ac6c8c350719c4e8a84bcae59ff6e1afd8acf', '2013-05-31 14:42:51', '1971-05-24 18:38:04');
INSERT INTO `media` (`id`, `media_type_id`, `user_id`, `filename`, `size`, `metadata`, `created_at`, `updated_at`) VALUES (43, 1, 43, 'svgfeanecvmgdf', 257946, '153eeedabdc5abf344f581a6257c2cae0a6c7709', '1999-05-28 05:16:48', '1974-08-17 20:24:01');
INSERT INTO `media` (`id`, `media_type_id`, `user_id`, `filename`, `size`, `metadata`, `created_at`, `updated_at`) VALUES (44, 2, 44, 'inbjeincrtgatt', 477373, '50e4f0cf3a228d30a6d54ad40135b2a64d9965a2', '2016-03-10 11:52:13', '1979-09-14 02:39:18');
INSERT INTO `media` (`id`, `media_type_id`, `user_id`, `filename`, `size`, `metadata`, `created_at`, `updated_at`) VALUES (45, 3, 45, 'gxvgzgyrsbywpa', 496716, '89ffc4384cebb6248a42f0a1271996509e6acda9', '1993-02-02 12:54:52', '1982-09-05 01:01:37');
INSERT INTO `media` (`id`, `media_type_id`, `user_id`, `filename`, `size`, `metadata`, `created_at`, `updated_at`) VALUES (46, 2, 46, 'xlvqjkozmjpzui', 584322, 'f4834b24215e7a682716591410487558712b355b', '1990-08-03 23:14:59', '2018-05-28 13:56:18');
INSERT INTO `media` (`id`, `media_type_id`, `user_id`, `filename`, `size`, `metadata`, `created_at`, `updated_at`) VALUES (47, 1, 47, 'aqonxmmojcrvoj', 332464, 'f4fdede30982ad7570f3fc9e40003925a0969830', '2009-06-04 19:41:45', '1976-02-10 06:47:49');
INSERT INTO `media` (`id`, `media_type_id`, `user_id`, `filename`, `size`, `metadata`, `created_at`, `updated_at`) VALUES (48, 2, 48, 'jltwyepdvweruy', 665376, '01291d3948ebfa9b295c8cf26ed2370904fedda9', '1972-07-08 21:40:04', '1970-03-26 02:19:22');
INSERT INTO `media` (`id`, `media_type_id`, `user_id`, `filename`, `size`, `metadata`, `created_at`, `updated_at`) VALUES (49, 2, 49, 'efeogjqohzpfnf', 291662, '95e15138ca73cd5c0a14f95c6ad1092d656a1f9f', '2009-10-07 00:49:17', '1982-04-14 18:11:49');
INSERT INTO `media` (`id`, `media_type_id`, `user_id`, `filename`, `size`, `metadata`, `created_at`, `updated_at`) VALUES (50, 2, 50, 'dougpgxgmfkqgb', 416268, 'f9d32adbb75fefeaf4a522ce71d5cb6f70fde9e2', '2018-02-03 18:40:38', '1979-02-10 20:54:49');
INSERT INTO `media` (`id`, `media_type_id`, `user_id`, `filename`, `size`, `metadata`, `created_at`, `updated_at`) VALUES (51, 2, 51, 'alqupdxcgzfgwn', 719626, '992497e3fcb87d38f38c1424ff0e3809e2b76ca0', '1983-10-07 17:51:29', '2017-12-03 07:26:24');
INSERT INTO `media` (`id`, `media_type_id`, `user_id`, `filename`, `size`, `metadata`, `created_at`, `updated_at`) VALUES (52, 2, 52, 'rgnoulhnejwjcb', 351310, '69fcd73a3b50184c707b4c06395780dc2ec6a64b', '1992-11-07 18:04:01', '2015-10-23 03:36:41');
INSERT INTO `media` (`id`, `media_type_id`, `user_id`, `filename`, `size`, `metadata`, `created_at`, `updated_at`) VALUES (53, 3, 53, 'lmbnpyxrwhvidx', 279545, '89828931571fd3c5aa5ed9d6380ac7e37e2709d4', '1992-10-11 17:29:56', '1972-04-01 03:17:43');
INSERT INTO `media` (`id`, `media_type_id`, `user_id`, `filename`, `size`, `metadata`, `created_at`, `updated_at`) VALUES (54, 3, 54, 'gnhakdhsteuqan', 434108, '1581649690f92954ec5ad1915e0e6606c042e001', '1991-07-17 07:58:23', '2004-01-29 19:22:39');
INSERT INTO `media` (`id`, `media_type_id`, `user_id`, `filename`, `size`, `metadata`, `created_at`, `updated_at`) VALUES (55, 2, 55, 'ekhjmbvcjxgnhf', 599844, 'e5fed189d758e2a15e81d6eb0f1c1b3161c68d6f', '1979-12-01 06:52:42', '1979-10-29 01:49:14');
INSERT INTO `media` (`id`, `media_type_id`, `user_id`, `filename`, `size`, `metadata`, `created_at`, `updated_at`) VALUES (56, 1, 56, 'alxivefathztyc', 658227, '8ace52039fae1d61fc420e1de1e8c3e0f051a437', '1983-09-15 02:30:16', '2017-01-14 02:06:57');
INSERT INTO `media` (`id`, `media_type_id`, `user_id`, `filename`, `size`, `metadata`, `created_at`, `updated_at`) VALUES (57, 2, 57, 'gomdpbskiaubjf', 288696, 'f52ff524f1c34562a3a12a46fa633fdffc1b633d', '2012-10-09 07:12:51', '2014-08-09 14:05:49');
INSERT INTO `media` (`id`, `media_type_id`, `user_id`, `filename`, `size`, `metadata`, `created_at`, `updated_at`) VALUES (58, 2, 58, 'avcycraewdckyi', 396321, 'b3ddfd64ec1242ba67316cb78940250312bf351e', '2015-08-20 22:45:13', '2008-07-31 22:26:01');
INSERT INTO `media` (`id`, `media_type_id`, `user_id`, `filename`, `size`, `metadata`, `created_at`, `updated_at`) VALUES (59, 3, 59, 'djbnbgfelnsxfw', 423131, 'bf32a933aabcfa58b638de783a79cbb489c86853', '2003-10-02 11:11:49', '1973-01-23 21:52:40');
INSERT INTO `media` (`id`, `media_type_id`, `user_id`, `filename`, `size`, `metadata`, `created_at`, `updated_at`) VALUES (60, 1, 60, 'pnfzgymlceedjs', 472318, '1e5f0c3d063aa86b766789032e131c80a3edb2a1', '2013-01-06 08:39:25', '1987-05-23 23:03:38');
INSERT INTO `media` (`id`, `media_type_id`, `user_id`, `filename`, `size`, `metadata`, `created_at`, `updated_at`) VALUES (61, 2, 61, 'pawotuuvozduff', 679438, 'c250e7945652275344114df4a8aac8ab12c0b0ee', '2017-11-14 12:15:44', '1996-08-28 04:05:44');
INSERT INTO `media` (`id`, `media_type_id`, `user_id`, `filename`, `size`, `metadata`, `created_at`, `updated_at`) VALUES (62, 2, 62, 'kzhuuocuxahtgx', 317747, 'b35966317408e1cdd0db1be131094eebb8ac6950', '1975-12-16 14:00:16', '1998-10-10 18:01:24');
INSERT INTO `media` (`id`, `media_type_id`, `user_id`, `filename`, `size`, `metadata`, `created_at`, `updated_at`) VALUES (63, 1, 63, 'rwksrvjrcrzuyo', 224544, 'fab62435f7badca84022e3ac6502068a98584d01', '1988-01-31 04:59:39', '2001-03-19 04:01:10');
INSERT INTO `media` (`id`, `media_type_id`, `user_id`, `filename`, `size`, `metadata`, `created_at`, `updated_at`) VALUES (64, 3, 64, 'idrtlxlakefnct', 449544, 'ed7d9d5c1fff788bf5f94e45134ac33ee2c34e8a', '1992-03-24 06:06:06', '1982-10-09 17:23:28');
INSERT INTO `media` (`id`, `media_type_id`, `user_id`, `filename`, `size`, `metadata`, `created_at`, `updated_at`) VALUES (65, 2, 65, 'rypmwtoupltvbw', 575218, 'd2ff4fc9e49d83933c7a501e5f07bbec5c58907a', '2013-01-17 00:25:24', '1974-12-05 03:35:32');
INSERT INTO `media` (`id`, `media_type_id`, `user_id`, `filename`, `size`, `metadata`, `created_at`, `updated_at`) VALUES (66, 2, 66, 'pzklmfqqbcoikl', 784796, 'b2133ba2d57a94531daacb7a2e388e66ceaee742', '2004-08-03 22:52:36', '1973-01-01 19:32:47');
INSERT INTO `media` (`id`, `media_type_id`, `user_id`, `filename`, `size`, `metadata`, `created_at`, `updated_at`) VALUES (67, 3, 67, 'kzevzywpjvqmah', 594654, '0e21891b678e2bcd373330cd8522b62598858d2d', '2010-08-16 22:15:53', '1990-01-11 16:33:36');
INSERT INTO `media` (`id`, `media_type_id`, `user_id`, `filename`, `size`, `metadata`, `created_at`, `updated_at`) VALUES (68, 3, 68, 'hjlzsrkaloulmf', 846207, '2cf9ac06d375073e21a81ae9ce64fb0f8df17389', '1993-09-19 21:47:33', '1970-09-03 20:38:06');
INSERT INTO `media` (`id`, `media_type_id`, `user_id`, `filename`, `size`, `metadata`, `created_at`, `updated_at`) VALUES (69, 1, 69, 'cgdpulzxotzvip', 417213, '68584cf160a670d4862101f8be6cccb9adf0631f', '1983-08-24 08:10:42', '2019-08-04 10:41:11');
INSERT INTO `media` (`id`, `media_type_id`, `user_id`, `filename`, `size`, `metadata`, `created_at`, `updated_at`) VALUES (70, 1, 70, 'eeygtazlhzuxiw', 654025, '83722485667427dc9e118af7109a85e272e61153', '1981-11-04 15:36:28', '2006-11-15 16:13:14');
INSERT INTO `media` (`id`, `media_type_id`, `user_id`, `filename`, `size`, `metadata`, `created_at`, `updated_at`) VALUES (71, 3, 71, 'xbqnmbnmqokaih', 385089, '2b02da77f7fc3914d29b3ac320b65b2afff0b083', '1984-02-04 22:52:04', '1972-04-18 17:42:34');
INSERT INTO `media` (`id`, `media_type_id`, `user_id`, `filename`, `size`, `metadata`, `created_at`, `updated_at`) VALUES (72, 1, 72, 'ksnexjaaciewbh', 787217, 'cc080167291d4f0b9cbc6e633f708d1dd349fcce', '1993-07-21 20:38:40', '1984-08-31 22:10:44');
INSERT INTO `media` (`id`, `media_type_id`, `user_id`, `filename`, `size`, `metadata`, `created_at`, `updated_at`) VALUES (73, 3, 73, 'jxizocytukoyqt', 498098, 'd6dcda121486d33ab3aba0b88673c1b6eb79c419', '2005-01-03 21:39:27', '1999-12-04 04:34:29');
INSERT INTO `media` (`id`, `media_type_id`, `user_id`, `filename`, `size`, `metadata`, `created_at`, `updated_at`) VALUES (74, 2, 74, 'yegtugbumoqpsf', 786066, '9f5d4f4722818a7ba4bbe5a6396e084fe92b10c6', '2015-04-14 23:25:26', '2004-11-25 11:54:42');
INSERT INTO `media` (`id`, `media_type_id`, `user_id`, `filename`, `size`, `metadata`, `created_at`, `updated_at`) VALUES (75, 2, 75, 'fxtrqjfooiooez', 761377, '165b1fe57a936d198a6e075cb70d2faf056a7fee', '1970-04-07 08:40:37', '1987-07-10 12:41:19');
INSERT INTO `media` (`id`, `media_type_id`, `user_id`, `filename`, `size`, `metadata`, `created_at`, `updated_at`) VALUES (76, 3, 76, 'ouepjazigfrovr', 200717, 'a3d83329b044527d510d12d825d9646d28ed545c', '2009-12-25 06:31:10', '2005-11-01 18:07:44');
INSERT INTO `media` (`id`, `media_type_id`, `user_id`, `filename`, `size`, `metadata`, `created_at`, `updated_at`) VALUES (77, 2, 77, 'nxvlkvbvvotgig', 399754, 'c46f5e4b20b18b7c79cf74836b7cfe45992fd40b', '1988-10-28 14:32:34', '1993-12-30 14:04:59');
INSERT INTO `media` (`id`, `media_type_id`, `user_id`, `filename`, `size`, `metadata`, `created_at`, `updated_at`) VALUES (78, 1, 78, 'vnuzpzjdnjbkgw', 384844, '72e471ce85f47fd334c1bc6ff41c48f59b4cff2a', '1970-07-03 16:53:49', '1996-02-13 19:06:44');
INSERT INTO `media` (`id`, `media_type_id`, `user_id`, `filename`, `size`, `metadata`, `created_at`, `updated_at`) VALUES (79, 1, 79, 'gbzthcqgwiiclr', 714089, '84807d0211d9e7bab9a889467c487e0df06e8474', '2017-05-06 05:13:39', '2006-12-07 16:47:30');
INSERT INTO `media` (`id`, `media_type_id`, `user_id`, `filename`, `size`, `metadata`, `created_at`, `updated_at`) VALUES (80, 1, 80, 'xgqnxvhzzbskjc', 390249, '9e581c8b287e4ce37dffb037c148d8a2c05465e4', '2001-11-18 00:54:23', '2012-07-29 20:30:15');
INSERT INTO `media` (`id`, `media_type_id`, `user_id`, `filename`, `size`, `metadata`, `created_at`, `updated_at`) VALUES (81, 3, 81, 'tjjasoeblbpzwq', 552680, '53e2591e36762cf0f11bb5a729c8b9f6670b3616', '1991-11-01 15:19:27', '2006-12-24 00:20:22');
INSERT INTO `media` (`id`, `media_type_id`, `user_id`, `filename`, `size`, `metadata`, `created_at`, `updated_at`) VALUES (82, 2, 82, 'lsqokqsbejkddr', 483854, '1ce3fc96cc8ba4a3d33c3e915e2c3d5840033b05', '1984-01-23 12:09:15', '1985-01-31 01:30:12');
INSERT INTO `media` (`id`, `media_type_id`, `user_id`, `filename`, `size`, `metadata`, `created_at`, `updated_at`) VALUES (83, 2, 83, 'fauamqxxjfaged', 463723, '9c38df13b2311d138de5cd5bee77abb3a4d3e09e', '1989-05-18 15:04:09', '1991-02-11 06:51:58');
INSERT INTO `media` (`id`, `media_type_id`, `user_id`, `filename`, `size`, `metadata`, `created_at`, `updated_at`) VALUES (84, 3, 84, 'mnyyqukgrqfjxo', 857530, 'efad1dc3c7926bd7a77e2caa6c0b456e006b715b', '1975-03-04 12:21:27', '2008-11-15 15:23:31');
INSERT INTO `media` (`id`, `media_type_id`, `user_id`, `filename`, `size`, `metadata`, `created_at`, `updated_at`) VALUES (85, 1, 85, 'okeizgyfclykty', 472715, '150867b7b9a594d13fc1d3bd9d9999ee917209fa', '1999-12-03 08:43:16', '1975-03-02 03:14:03');
INSERT INTO `media` (`id`, `media_type_id`, `user_id`, `filename`, `size`, `metadata`, `created_at`, `updated_at`) VALUES (86, 3, 86, 'ebkacspegvpecn', 219016, 'daa678cdc8ccb560a3d82b461a05ce88b471487c', '2002-03-29 20:36:03', '2009-02-22 23:09:29');
INSERT INTO `media` (`id`, `media_type_id`, `user_id`, `filename`, `size`, `metadata`, `created_at`, `updated_at`) VALUES (87, 3, 87, 'xojavztwnmltxa', 363727, 'eddf6bc49ee52e82961d7211069eb454dfaedb4b', '1983-07-31 00:37:42', '1989-07-26 18:25:18');
INSERT INTO `media` (`id`, `media_type_id`, `user_id`, `filename`, `size`, `metadata`, `created_at`, `updated_at`) VALUES (88, 3, 88, 'rxrqxvyopmogat', 339625, '621c05e3534b961ae1714c393b081503d6f4f5b1', '1977-05-18 03:32:09', '2000-05-26 10:31:50');
INSERT INTO `media` (`id`, `media_type_id`, `user_id`, `filename`, `size`, `metadata`, `created_at`, `updated_at`) VALUES (89, 1, 89, 'lzjvtawlpsmmaq', 631379, 'df7e1cd350f3c5d15756a2a1805e66f2e21dffb1', '1996-10-15 15:22:22', '1997-06-19 17:49:36');
INSERT INTO `media` (`id`, `media_type_id`, `user_id`, `filename`, `size`, `metadata`, `created_at`, `updated_at`) VALUES (90, 2, 90, 'icvucwqepkqfwu', 467616, '45e027fd5ea93a512b17b6a25f832b9b98955bc8', '2009-03-14 05:46:44', '1976-02-04 04:45:37');
INSERT INTO `media` (`id`, `media_type_id`, `user_id`, `filename`, `size`, `metadata`, `created_at`, `updated_at`) VALUES (91, 1, 91, 'jnukrmzqraasji', 242140, '54643622a892f3a2fa25c252f538868aa88e7866', '2015-04-14 20:49:39', '2015-07-08 18:11:04');
INSERT INTO `media` (`id`, `media_type_id`, `user_id`, `filename`, `size`, `metadata`, `created_at`, `updated_at`) VALUES (92, 2, 92, 'wilyamrqejjysk', 734047, '184f10d2de94b9e04289f6b6402b70533a49ac7c', '1988-02-29 03:48:02', '1986-08-20 15:27:30');
INSERT INTO `media` (`id`, `media_type_id`, `user_id`, `filename`, `size`, `metadata`, `created_at`, `updated_at`) VALUES (93, 1, 93, 'yzvfrnlefmainn', 615785, '92b5fba4c575462ec35224d1e88f7094543d6b47', '1970-02-26 11:54:20', '2007-06-21 03:37:46');
INSERT INTO `media` (`id`, `media_type_id`, `user_id`, `filename`, `size`, `metadata`, `created_at`, `updated_at`) VALUES (94, 2, 94, 'sszpgmnmfgamko', 234918, '22f87f94fe6fa7650692b955d3e4bfdee6d2a8a4', '2004-02-08 03:57:55', '1978-04-30 08:51:00');
INSERT INTO `media` (`id`, `media_type_id`, `user_id`, `filename`, `size`, `metadata`, `created_at`, `updated_at`) VALUES (95, 2, 95, 'cvkhaaqmwogxms', 840906, '06f3138add525e5d7e7767fdf73c150377227abd', '2005-06-27 08:07:55', '1993-01-17 05:45:25');
INSERT INTO `media` (`id`, `media_type_id`, `user_id`, `filename`, `size`, `metadata`, `created_at`, `updated_at`) VALUES (96, 1, 96, 'mswoqcuenyniic', 250176, '8a794b210d7850a7f4be210a0aed01df85b89182', '1997-08-06 07:20:23', '2011-08-29 12:42:34');
INSERT INTO `media` (`id`, `media_type_id`, `user_id`, `filename`, `size`, `metadata`, `created_at`, `updated_at`) VALUES (97, 1, 97, 'bzsegioduthodb', 777916, 'b651945ba21e35e17d0eb0bd3022c4c2db6674e2', '1987-10-22 05:43:59', '2013-02-20 14:36:13');
INSERT INTO `media` (`id`, `media_type_id`, `user_id`, `filename`, `size`, `metadata`, `created_at`, `updated_at`) VALUES (98, 1, 98, 'fkmwpgspzmjofg', 836195, '870048dece58c5f015fb4abfedcc86c22cdbdf32', '2013-04-15 01:56:14', '2010-09-05 20:37:59');
INSERT INTO `media` (`id`, `media_type_id`, `user_id`, `filename`, `size`, `metadata`, `created_at`, `updated_at`) VALUES (99, 1, 99, 'hsvssnwcjwrkuy', 645996, '2ab34e04c911896653b4c8e865ac32e6b2f11513', '1975-09-21 09:42:03', '2005-05-24 12:16:01');
INSERT INTO `media` (`id`, `media_type_id`, `user_id`, `filename`, `size`, `metadata`, `created_at`, `updated_at`) VALUES (100, 3, 100, 'pnecofydjilijn', 322815, '5200c8cf38de46876e7df8259ff3d4923e3eb2cd', '1999-06-02 22:59:28', '1996-03-11 10:05:08');


#
# TABLE STRUCTURE FOR: media_types
#

DROP TABLE IF EXISTS `media_types`;

CREATE TABLE `media_types` (
  `id` int(10) unsigned NOT NULL AUTO_INCREMENT,
  `name` varchar(255) COLLATE utf8_unicode_ci NOT NULL,
  PRIMARY KEY (`id`),
  UNIQUE KEY `name` (`name`)
) ENGINE=InnoDB AUTO_INCREMENT=4 DEFAULT CHARSET=utf8 COLLATE=utf8_unicode_ci;

INSERT INTO `media_types` (`id`, `name`) VALUES (1, ' audio');
INSERT INTO `media_types` (`id`, `name`) VALUES (3, ' video');
INSERT INTO `media_types` (`id`, `name`) VALUES (2, 'photo');


#
# TABLE STRUCTURE FOR: messages
#

DROP TABLE IF EXISTS `messages`;

CREATE TABLE `messages` (
  `from_user_id` int(10) unsigned NOT NULL,
  `to_user_id` int(10) unsigned NOT NULL,
  `body` text COLLATE utf8_unicode_ci NOT NULL,
  `important` tinyint(1) DEFAULT NULL,
  `delivered` tinyint(1) DEFAULT NULL,
  `created_at` datetime NOT NULL DEFAULT current_timestamp(),
  PRIMARY KEY (`from_user_id`,`created_at`)
) ENGINE=InnoDB DEFAULT CHARSET=utf8 COLLATE=utf8_unicode_ci;

INSERT INTO `messages` (`from_user_id`, `to_user_id`, `body`, `important`, `delivered`, `created_at`) VALUES (1, 48, 'Tempora delectus id repellat eum molestiae dolor. Minima aspernatur a amet est optio. In fuga et eos qui est velit sit. Provident saepe illo aut ut cupiditate dolor explicabo. Ipsa assumenda iste rerum dolor atque fuga.', 1, 8, '1996-11-22 03:45:52');
INSERT INTO `messages` (`from_user_id`, `to_user_id`, `body`, `important`, `delivered`, `created_at`) VALUES (2, 92, 'Et veritatis ipsam consequuntur. Quos vel enim quaerat est et veniam et. Ad aut sunt et iusto eius est. In minima ipsam est ad rerum. Maiores id minima accusantium ut.', 0, 7, '2005-03-11 05:24:41');
INSERT INTO `messages` (`from_user_id`, `to_user_id`, `body`, `important`, `delivered`, `created_at`) VALUES (3, 2, 'Illum nisi qui rerum rem dolorem. Dolores dolores rerum aut. Aliquid alias aut iure dignissimos consequatur rem sint. Recusandae quas voluptates corrupti recusandae id maxime voluptatem. Porro molestiae magni et dignissimos id corrupti maiores facilis.', 0, 6, '1999-05-14 22:08:34');
INSERT INTO `messages` (`from_user_id`, `to_user_id`, `body`, `important`, `delivered`, `created_at`) VALUES (4, 62, 'Neque in eius itaque rerum cupiditate. Asperiores est quod quas dolores doloribus ut. Dolor aliquid ipsam doloribus autem sunt repellendus.', 1, 3, '1988-08-07 10:04:46');
INSERT INTO `messages` (`from_user_id`, `to_user_id`, `body`, `important`, `delivered`, `created_at`) VALUES (5, 9, 'Error sit minus enim deleniti aut. Consequatur totam deleniti repellendus adipisci aliquid consequatur expedita. Voluptatem dolores magnam omnis laborum et rerum. Molestias vel doloremque quo eaque fugiat velit. Cum enim ea eos iure sapiente laborum itaque.', 1, 4, '1979-02-28 02:05:46');
INSERT INTO `messages` (`from_user_id`, `to_user_id`, `body`, `important`, `delivered`, `created_at`) VALUES (6, 99, 'Aut asperiores quia cumque ipsam sit. At labore temporibus repudiandae veniam et.', 0, 7, '1979-03-27 06:37:52');
INSERT INTO `messages` (`from_user_id`, `to_user_id`, `body`, `important`, `delivered`, `created_at`) VALUES (7, 69, 'Recusandae qui sit recusandae hic unde qui. Ipsam rerum omnis delectus dolorem sit enim. Ea est eius aperiam qui error earum.', 0, 3, '2018-04-01 21:12:08');
INSERT INTO `messages` (`from_user_id`, `to_user_id`, `body`, `important`, `delivered`, `created_at`) VALUES (8, 26, 'Distinctio qui voluptatem neque nulla ad aut. Fugit et fuga doloribus possimus magni et. Corrupti odio et deserunt distinctio impedit. Reprehenderit ex deleniti veniam id ipsa quia facere.', 0, 2, '1996-11-23 01:03:40');
INSERT INTO `messages` (`from_user_id`, `to_user_id`, `body`, `important`, `delivered`, `created_at`) VALUES (9, 56, 'Ut magnam deleniti eos suscipit neque non dolor. Atque libero excepturi temporibus tempore laboriosam. Reprehenderit molestiae dolor corrupti quam. Et accusantium commodi accusantium nihil quo totam explicabo. Nobis consequatur dolorum inventore suscipit.', 1, 1, '2011-05-24 16:16:57');
INSERT INTO `messages` (`from_user_id`, `to_user_id`, `body`, `important`, `delivered`, `created_at`) VALUES (10, 89, 'Amet ducimus iste nulla voluptas. Perspiciatis molestias voluptas quisquam quis rerum in. Incidunt tenetur eos excepturi maiores. Quas repellat veritatis deserunt est.', 1, 4, '2005-02-13 10:53:03');
INSERT INTO `messages` (`from_user_id`, `to_user_id`, `body`, `important`, `delivered`, `created_at`) VALUES (11, 79, 'Deserunt nihil sit et ut neque sed ea. Sequi quos ut nihil ad fugiat. Mollitia soluta eius qui in in eos.', 0, 4, '1970-09-30 13:46:23');
INSERT INTO `messages` (`from_user_id`, `to_user_id`, `body`, `important`, `delivered`, `created_at`) VALUES (12, 21, 'Quia totam doloribus labore ea. Id autem et deserunt distinctio. Pariatur non earum odio odit. Natus iure cumque voluptas non maxime accusantium.', 0, 5, '1973-02-16 05:15:55');
INSERT INTO `messages` (`from_user_id`, `to_user_id`, `body`, `important`, `delivered`, `created_at`) VALUES (13, 65, 'Exercitationem officiis facilis molestiae fuga quisquam debitis ad qui. Possimus et eligendi et recusandae. Consectetur facilis veniam ut. Voluptatem dolores consequatur qui.', 0, 6, '1981-05-17 12:22:28');
INSERT INTO `messages` (`from_user_id`, `to_user_id`, `body`, `important`, `delivered`, `created_at`) VALUES (14, 90, 'Libero natus sit officiis distinctio. Ut consequatur non rerum quo quis dicta. Non qui alias consequatur molestias voluptate eveniet fugit. Aut exercitationem molestias vel ut perspiciatis.', 0, 2, '2019-06-26 03:05:47');
INSERT INTO `messages` (`from_user_id`, `to_user_id`, `body`, `important`, `delivered`, `created_at`) VALUES (15, 5, 'Sit rerum rem et et ipsa. Aut sit totam labore repudiandae. Architecto reiciendis excepturi fugiat perferendis aut fuga tempora. Id hic eligendi nemo qui recusandae. Accusamus quibusdam mollitia explicabo architecto at amet et nihil.', 1, 4, '1988-03-25 07:03:19');
INSERT INTO `messages` (`from_user_id`, `to_user_id`, `body`, `important`, `delivered`, `created_at`) VALUES (16, 31, 'Magni id sed aut vero ducimus. Autem ducimus neque perspiciatis eveniet quis. Eos sed laborum rerum sed sed quod. Libero sapiente quo adipisci veritatis sunt error. Et iure aut ea fugiat dicta architecto.', 1, 1, '2002-03-02 19:16:01');
INSERT INTO `messages` (`from_user_id`, `to_user_id`, `body`, `important`, `delivered`, `created_at`) VALUES (17, 52, 'Molestias atque ipsa veritatis dolorum quo. Beatae libero et alias veniam. Aperiam ut ea velit in ut. Et nulla facilis neque quaerat est quidem assumenda.', 0, 2, '1980-08-15 01:51:47');
INSERT INTO `messages` (`from_user_id`, `to_user_id`, `body`, `important`, `delivered`, `created_at`) VALUES (18, 8, 'Sit non aut aliquam. Commodi at aperiam nihil est enim et odio. Vel magnam quisquam dolorem iste inventore non suscipit. Libero nemo sed rerum necessitatibus velit at et consequatur.', 0, 2, '1975-09-06 03:54:16');
INSERT INTO `messages` (`from_user_id`, `to_user_id`, `body`, `important`, `delivered`, `created_at`) VALUES (19, 65, 'Quia dolorem qui vero in cumque alias. Explicabo architecto sunt omnis molestias. Qui unde a quia pariatur ipsam sint ducimus. Ea quia distinctio dolorem recusandae porro harum explicabo. Quos quam voluptatem accusamus qui voluptatem.', 1, 7, '1987-12-21 01:15:54');
INSERT INTO `messages` (`from_user_id`, `to_user_id`, `body`, `important`, `delivered`, `created_at`) VALUES (20, 14, 'Earum in tempore error qui sit suscipit asperiores. Consequatur expedita qui fugit repellat nesciunt. Molestiae dolor non doloremque sequi vel eaque dolorum.', 1, 7, '1980-07-31 09:07:37');
INSERT INTO `messages` (`from_user_id`, `to_user_id`, `body`, `important`, `delivered`, `created_at`) VALUES (21, 61, 'Dolorem velit repudiandae facilis et qui id. Illum eos quibusdam libero ut id similique optio necessitatibus. Aut laudantium voluptas quod vel. Sint quisquam et nisi velit accusantium est.', 1, 0, '2016-07-17 00:11:20');
INSERT INTO `messages` (`from_user_id`, `to_user_id`, `body`, `important`, `delivered`, `created_at`) VALUES (22, 3, 'Nesciunt magnam nesciunt perspiciatis ut quia. Quaerat ratione mollitia et quo nihil itaque. Ut ipsam consequatur nam qui. Cupiditate fuga laborum beatae sit consectetur sed dolores.', 0, 5, '2009-10-17 01:53:32');
INSERT INTO `messages` (`from_user_id`, `to_user_id`, `body`, `important`, `delivered`, `created_at`) VALUES (23, 76, 'Maxime debitis aspernatur libero beatae qui debitis libero. Laborum tempore in ex quia accusantium quasi. Non non excepturi recusandae ut nihil labore. Aperiam harum error ut amet eveniet aut asperiores.', 0, 8, '1989-05-03 16:10:27');
INSERT INTO `messages` (`from_user_id`, `to_user_id`, `body`, `important`, `delivered`, `created_at`) VALUES (24, 92, 'Placeat ad voluptas assumenda animi. Pariatur non velit quia hic. Vero eligendi a officiis quo.', 1, 1, '1984-05-13 08:19:46');
INSERT INTO `messages` (`from_user_id`, `to_user_id`, `body`, `important`, `delivered`, `created_at`) VALUES (25, 28, 'Ab nisi cumque non delectus. Molestias labore delectus quas perspiciatis et pariatur. Quae voluptate autem quos sit in. Facere ipsum exercitationem provident voluptatem.', 0, 2, '1989-08-04 00:01:37');
INSERT INTO `messages` (`from_user_id`, `to_user_id`, `body`, `important`, `delivered`, `created_at`) VALUES (26, 79, 'Assumenda blanditiis consequuntur aut tenetur. Laudantium dolorem voluptatem atque. Ea velit est repudiandae provident pariatur ipsa. Libero enim possimus voluptas dolor aut amet occaecati.', 0, 0, '1994-05-23 01:57:20');
INSERT INTO `messages` (`from_user_id`, `to_user_id`, `body`, `important`, `delivered`, `created_at`) VALUES (27, 13, 'Tempora reprehenderit omnis modi veritatis est accusantium recusandae blanditiis. Rerum voluptas nam natus vero blanditiis. Reiciendis sequi est earum delectus earum. Expedita recusandae velit et in velit.', 0, 2, '1987-04-19 07:35:27');
INSERT INTO `messages` (`from_user_id`, `to_user_id`, `body`, `important`, `delivered`, `created_at`) VALUES (28, 3, 'Assumenda ut corporis unde eveniet et quam. Sequi incidunt fugiat nobis ab quaerat. Soluta quis magni et nobis aliquid.', 0, 1, '1999-05-13 14:12:24');
INSERT INTO `messages` (`from_user_id`, `to_user_id`, `body`, `important`, `delivered`, `created_at`) VALUES (29, 13, 'Culpa deserunt impedit autem rerum nam et minus. Illum dolorem cum rerum velit. Corrupti iure et aut in inventore voluptas pariatur.', 1, 2, '1991-03-11 14:04:14');
INSERT INTO `messages` (`from_user_id`, `to_user_id`, `body`, `important`, `delivered`, `created_at`) VALUES (30, 88, 'Iure rerum id et dolorem sint perferendis dolorum. Rem rerum numquam voluptatem corporis et. Tempora ut fugit molestiae blanditiis. Assumenda et maiores velit aut ratione omnis maxime.', 0, 7, '1998-12-11 04:57:52');
INSERT INTO `messages` (`from_user_id`, `to_user_id`, `body`, `important`, `delivered`, `created_at`) VALUES (31, 14, 'Dolorem illum ab quas qui. Natus et cumque culpa quos soluta occaecati neque aliquid. Quis et perspiciatis nulla ut consectetur. Quod autem voluptates expedita.', 0, 8, '2018-04-07 08:37:43');
INSERT INTO `messages` (`from_user_id`, `to_user_id`, `body`, `important`, `delivered`, `created_at`) VALUES (32, 99, 'Minus aliquid dicta veniam maiores sit. Enim sed eveniet cumque dolorum sunt exercitationem. Autem incidunt accusantium cum molestiae est. Iure est ad velit quibusdam possimus pariatur aspernatur.', 0, 5, '2001-07-17 02:01:39');
INSERT INTO `messages` (`from_user_id`, `to_user_id`, `body`, `important`, `delivered`, `created_at`) VALUES (33, 68, 'Dolor iste qui eos accusantium est. Voluptatem aut laborum voluptates distinctio qui. Eos maiores autem labore cumque omnis possimus. Minus architecto optio maiores veniam.', 1, 8, '1975-10-10 14:01:21');
INSERT INTO `messages` (`from_user_id`, `to_user_id`, `body`, `important`, `delivered`, `created_at`) VALUES (34, 72, 'Quidem sequi vitae qui atque sit atque. Vero aliquam ea a in omnis. Similique voluptates consequatur provident expedita animi quam aut.', 1, 8, '2010-05-28 18:20:17');
INSERT INTO `messages` (`from_user_id`, `to_user_id`, `body`, `important`, `delivered`, `created_at`) VALUES (35, 34, 'Rerum autem cupiditate accusamus non quod ducimus. Fugiat et molestiae accusamus ut perferendis voluptatem. Est quia tempora hic ad eum veniam explicabo non. Quaerat mollitia esse ullam culpa ipsa.', 1, 8, '1998-04-21 15:01:29');
INSERT INTO `messages` (`from_user_id`, `to_user_id`, `body`, `important`, `delivered`, `created_at`) VALUES (36, 64, 'Sit quia in aut velit saepe velit perferendis. Sit corrupti non id qui doloribus assumenda officiis.', 0, 7, '2000-05-01 01:08:57');
INSERT INTO `messages` (`from_user_id`, `to_user_id`, `body`, `important`, `delivered`, `created_at`) VALUES (37, 41, 'Voluptas ex laborum repudiandae molestiae iure. Et in natus quasi. Quisquam magni repellat inventore sunt quis. Sapiente voluptatem dolorem nam quis odio. Rem labore odio dolores sunt blanditiis fugit.', 1, 4, '2014-04-28 23:41:11');
INSERT INTO `messages` (`from_user_id`, `to_user_id`, `body`, `important`, `delivered`, `created_at`) VALUES (38, 42, 'Eum temporibus rerum quis voluptas esse non rerum. Suscipit sint nobis id reiciendis est placeat. Quibusdam tempore dolorem repellat ex voluptas ullam sit. Suscipit ut odio odio odit illo ut porro.', 0, 9, '1992-11-02 13:20:49');
INSERT INTO `messages` (`from_user_id`, `to_user_id`, `body`, `important`, `delivered`, `created_at`) VALUES (39, 35, 'Voluptates impedit autem accusantium qui suscipit aut maxime natus. Ut et ea culpa ut odio consequatur.', 1, 5, '1988-08-23 14:47:18');
INSERT INTO `messages` (`from_user_id`, `to_user_id`, `body`, `important`, `delivered`, `created_at`) VALUES (40, 26, 'Est corrupti quos velit ut voluptas nostrum. Ut sit voluptas quam et. Sit amet qui possimus et.', 0, 8, '1982-12-13 07:25:51');
INSERT INTO `messages` (`from_user_id`, `to_user_id`, `body`, `important`, `delivered`, `created_at`) VALUES (41, 28, 'Necessitatibus incidunt pariatur voluptate natus. Inventore sit molestias officia exercitationem cumque voluptatibus ipsam sed. Quia veritatis ad molestiae expedita est reiciendis molestiae.', 1, 7, '2011-04-08 05:05:33');
INSERT INTO `messages` (`from_user_id`, `to_user_id`, `body`, `important`, `delivered`, `created_at`) VALUES (42, 70, 'Adipisci et quia aut exercitationem aut unde ut. Qui soluta cupiditate asperiores et cupiditate aspernatur. Quis quibusdam quasi quibusdam debitis autem consequuntur. Qui repellendus facere delectus omnis.', 0, 4, '2012-12-19 22:48:53');
INSERT INTO `messages` (`from_user_id`, `to_user_id`, `body`, `important`, `delivered`, `created_at`) VALUES (43, 62, 'In repudiandae ea vel eum expedita beatae. Aliquam unde dolore architecto. Aperiam illum dolores et. Illum et asperiores voluptate alias. Ipsa aut ipsam nisi enim aut vel.', 0, 3, '2007-07-29 12:59:11');
INSERT INTO `messages` (`from_user_id`, `to_user_id`, `body`, `important`, `delivered`, `created_at`) VALUES (44, 67, 'Velit est sint rerum non similique et eveniet. Neque amet voluptatem ut ipsa optio qui aperiam amet. Vel nisi voluptas aut iusto qui quasi aut.', 0, 3, '1984-05-31 07:56:32');
INSERT INTO `messages` (`from_user_id`, `to_user_id`, `body`, `important`, `delivered`, `created_at`) VALUES (45, 84, 'Nostrum sed sit est. Nisi et sequi non et quo.', 1, 0, '2014-08-31 02:02:28');
INSERT INTO `messages` (`from_user_id`, `to_user_id`, `body`, `important`, `delivered`, `created_at`) VALUES (46, 5, 'Repellendus eos aperiam dolorum id veniam. Sint voluptas esse molestiae impedit beatae. Dolores tenetur nihil sequi ea voluptatem accusamus.', 1, 9, '2001-03-23 05:37:52');
INSERT INTO `messages` (`from_user_id`, `to_user_id`, `body`, `important`, `delivered`, `created_at`) VALUES (47, 22, 'Aut quam recusandae accusantium veniam eveniet molestiae officia. Quasi dolores autem aut dolor odio dolores itaque impedit. Modi voluptas modi quia dolorem fuga eum est quia.', 1, 2, '2008-03-24 01:53:09');
INSERT INTO `messages` (`from_user_id`, `to_user_id`, `body`, `important`, `delivered`, `created_at`) VALUES (48, 98, 'Aut unde eius dolorem et beatae. Ea sint magni voluptatem id id pariatur est. Natus dolorem temporibus nemo et nam.', 0, 0, '1999-08-21 02:06:34');
INSERT INTO `messages` (`from_user_id`, `to_user_id`, `body`, `important`, `delivered`, `created_at`) VALUES (49, 39, 'Ut distinctio architecto praesentium dignissimos accusamus perferendis. Eaque odit voluptatem aliquid ea sunt perferendis. Et in unde est ut nihil quam voluptas sapiente. Corporis minus quidem qui vel voluptatem sed dolore.', 1, 9, '1986-06-16 23:15:01');
INSERT INTO `messages` (`from_user_id`, `to_user_id`, `body`, `important`, `delivered`, `created_at`) VALUES (50, 61, 'Quos ratione ipsam nisi alias consectetur quis. Hic ut eius aliquam itaque non hic necessitatibus. Vel suscipit officia beatae animi consectetur eos culpa.', 0, 8, '2003-07-30 09:55:00');
INSERT INTO `messages` (`from_user_id`, `to_user_id`, `body`, `important`, `delivered`, `created_at`) VALUES (51, 99, 'Qui eius similique delectus omnis et aperiam fugiat. Consequuntur quia incidunt eum esse. Repellendus est corporis ipsam natus ducimus. Libero beatae porro cumque dolores error.', 0, 5, '1999-02-15 18:21:58');
INSERT INTO `messages` (`from_user_id`, `to_user_id`, `body`, `important`, `delivered`, `created_at`) VALUES (52, 55, 'Eligendi vitae voluptate quia labore sint rerum tenetur aut. Voluptatem voluptate delectus natus mollitia vero. Dolor amet voluptas enim minus dolore. Sed laudantium dolores est voluptate enim ut iste.', 0, 2, '1996-02-16 11:22:50');
INSERT INTO `messages` (`from_user_id`, `to_user_id`, `body`, `important`, `delivered`, `created_at`) VALUES (53, 15, 'Provident et repudiandae alias in. Sed ex corrupti totam impedit. Molestias est quisquam pariatur nam aspernatur quaerat corporis. Nisi consequatur quia id non.', 0, 0, '2000-06-27 14:32:36');
INSERT INTO `messages` (`from_user_id`, `to_user_id`, `body`, `important`, `delivered`, `created_at`) VALUES (54, 89, 'Non similique et necessitatibus autem. Minima fugiat suscipit nemo deserunt libero fuga. Est eligendi soluta illum dolorum tempore officiis. Vero numquam architecto recusandae fugiat et rerum suscipit.', 0, 1, '2004-02-27 17:45:17');
INSERT INTO `messages` (`from_user_id`, `to_user_id`, `body`, `important`, `delivered`, `created_at`) VALUES (55, 84, 'Qui adipisci veniam et ut. Voluptatem hic aperiam corrupti. Eos aut voluptas necessitatibus officiis.', 0, 3, '1987-12-16 09:51:42');
INSERT INTO `messages` (`from_user_id`, `to_user_id`, `body`, `important`, `delivered`, `created_at`) VALUES (56, 83, 'Quia consequatur necessitatibus eum et laboriosam et. Non vero corporis mollitia explicabo. Neque exercitationem vero excepturi laudantium quis vero. Nihil accusantium aperiam quia vel sed.', 1, 2, '1977-03-13 10:38:59');
INSERT INTO `messages` (`from_user_id`, `to_user_id`, `body`, `important`, `delivered`, `created_at`) VALUES (57, 35, 'Sit consectetur placeat eum dolores quo sequi et. Et et sunt ex suscipit numquam qui adipisci ea. Et animi dolores officia sint est. Beatae dolores ab amet sit ratione repellat enim dolores. Odio dolorem laboriosam reprehenderit nesciunt quis nostrum esse.', 1, 0, '2003-04-05 05:26:40');
INSERT INTO `messages` (`from_user_id`, `to_user_id`, `body`, `important`, `delivered`, `created_at`) VALUES (58, 35, 'Est itaque hic ab molestiae. Sapiente necessitatibus voluptates eos quo voluptatibus. Cum quam recusandae harum nihil provident libero.', 0, 8, '1999-08-13 23:53:44');
INSERT INTO `messages` (`from_user_id`, `to_user_id`, `body`, `important`, `delivered`, `created_at`) VALUES (59, 19, 'Debitis eligendi voluptas pariatur alias modi quasi sunt. Perferendis exercitationem voluptates vel voluptas. Autem quos non aspernatur dicta aut aperiam ea.', 0, 8, '1986-03-20 16:05:40');
INSERT INTO `messages` (`from_user_id`, `to_user_id`, `body`, `important`, `delivered`, `created_at`) VALUES (60, 8, 'Molestiae dolorum et ullam dolor suscipit dignissimos vel. Dicta incidunt iusto totam aliquam. Similique fuga non voluptas et beatae.', 1, 2, '1974-05-11 11:41:43');
INSERT INTO `messages` (`from_user_id`, `to_user_id`, `body`, `important`, `delivered`, `created_at`) VALUES (61, 85, 'Perferendis qui cumque ipsum et magnam. Sunt aliquam dignissimos sunt id. Pariatur rerum saepe eligendi voluptas rerum. Harum est at rerum porro commodi.', 0, 1, '2008-04-04 22:42:26');
INSERT INTO `messages` (`from_user_id`, `to_user_id`, `body`, `important`, `delivered`, `created_at`) VALUES (62, 67, 'Est incidunt tempore tempore error omnis. Ut cupiditate et distinctio architecto omnis. Ad et ad ut impedit aspernatur.', 1, 2, '1997-07-13 19:48:41');
INSERT INTO `messages` (`from_user_id`, `to_user_id`, `body`, `important`, `delivered`, `created_at`) VALUES (63, 23, 'Possimus officia est ducimus sequi. Dolorum earum natus velit odit. Vel ut quas sit modi voluptatum nemo. Enim maiores sit quae repudiandae dicta quis.', 0, 2, '1992-07-03 05:51:50');
INSERT INTO `messages` (`from_user_id`, `to_user_id`, `body`, `important`, `delivered`, `created_at`) VALUES (64, 58, 'Sit eveniet provident est perferendis aut ut ipsam. Illo quae ipsum ad omnis voluptatem fugit vitae ab.', 1, 1, '2019-02-01 21:12:46');
INSERT INTO `messages` (`from_user_id`, `to_user_id`, `body`, `important`, `delivered`, `created_at`) VALUES (65, 72, 'Eligendi ut explicabo rerum facilis vitae sint et. Non consequatur non veniam est iusto et. Eum incidunt nobis rerum itaque quia eaque modi. Aliquam beatae enim explicabo aut.', 0, 0, '2004-05-31 11:15:47');
INSERT INTO `messages` (`from_user_id`, `to_user_id`, `body`, `important`, `delivered`, `created_at`) VALUES (66, 7, 'Inventore aut voluptas quisquam quae voluptatem commodi. Sit eligendi tempora dolores nam harum nihil. Sunt officiis aut omnis quo ratione et.', 1, 1, '1981-07-25 05:15:55');
INSERT INTO `messages` (`from_user_id`, `to_user_id`, `body`, `important`, `delivered`, `created_at`) VALUES (67, 11, 'Neque et animi architecto blanditiis provident. Quae voluptatem ad corporis animi qui quia ad. Fugiat aperiam eos nihil consectetur facere occaecati. Soluta sint exercitationem officia dignissimos sapiente nostrum.', 0, 7, '1975-12-09 23:48:09');
INSERT INTO `messages` (`from_user_id`, `to_user_id`, `body`, `important`, `delivered`, `created_at`) VALUES (68, 17, 'Aut consectetur neque autem accusamus tempore reiciendis. Quos suscipit id nihil earum illum quis. Vel neque aliquam possimus.', 1, 5, '2014-10-22 22:14:28');
INSERT INTO `messages` (`from_user_id`, `to_user_id`, `body`, `important`, `delivered`, `created_at`) VALUES (69, 69, 'Sit pariatur perferendis nihil et provident sit aut. Consectetur tenetur minima sed laborum. Animi totam ut quod. Sit nam dolorum accusamus voluptatem et.', 0, 3, '1989-06-27 13:30:15');
INSERT INTO `messages` (`from_user_id`, `to_user_id`, `body`, `important`, `delivered`, `created_at`) VALUES (70, 97, 'Commodi ad et magnam. Nam quia repellat illum et voluptatibus est consequatur.', 1, 3, '1978-01-05 06:34:41');
INSERT INTO `messages` (`from_user_id`, `to_user_id`, `body`, `important`, `delivered`, `created_at`) VALUES (71, 54, 'Eum placeat eum in reprehenderit alias facilis veritatis. Commodi quos dolores rerum est. Repellendus doloribus ipsum non distinctio placeat maxime tempore.', 1, 9, '2008-06-13 05:46:30');
INSERT INTO `messages` (`from_user_id`, `to_user_id`, `body`, `important`, `delivered`, `created_at`) VALUES (72, 94, 'Aut eum similique officia non vel vel enim. Rerum aliquid id sed exercitationem ex mollitia. Quam odio porro vitae aut et aut id.', 1, 4, '1984-08-18 19:25:16');
INSERT INTO `messages` (`from_user_id`, `to_user_id`, `body`, `important`, `delivered`, `created_at`) VALUES (73, 31, 'Voluptates illo expedita ea ut. Maiores praesentium quia enim voluptatem non sed ut molestiae. Facere et quis veniam dolor aut perferendis. Blanditiis est et error quis velit voluptatem.', 1, 0, '1978-03-03 11:48:57');
INSERT INTO `messages` (`from_user_id`, `to_user_id`, `body`, `important`, `delivered`, `created_at`) VALUES (74, 50, 'Rerum sequi aut et suscipit. Nam nostrum molestiae voluptatem odio minus laudantium. Similique dicta odio pariatur velit. Nisi sunt quia aut minus error. Sit saepe ad quod explicabo asperiores assumenda aut.', 0, 3, '1998-04-10 22:56:04');
INSERT INTO `messages` (`from_user_id`, `to_user_id`, `body`, `important`, `delivered`, `created_at`) VALUES (75, 66, 'Quia et molestiae officiis dolor quas quod. Ut eos fugiat assumenda est accusantium nesciunt. Vitae doloremque voluptas eius similique ab voluptatem atque. Rem non dolorem molestias unde voluptate necessitatibus.', 0, 7, '1990-06-01 08:02:43');
INSERT INTO `messages` (`from_user_id`, `to_user_id`, `body`, `important`, `delivered`, `created_at`) VALUES (76, 69, 'Velit illum velit expedita omnis eligendi adipisci. Minima voluptatibus cumque vel sit eveniet quia. Pariatur fuga ea ab quia nostrum aspernatur enim.', 1, 9, '2018-11-02 12:37:26');
INSERT INTO `messages` (`from_user_id`, `to_user_id`, `body`, `important`, `delivered`, `created_at`) VALUES (77, 5, 'Sint qui nulla sed error rerum ipsa. Incidunt sit velit sunt at et. Laborum ex blanditiis labore provident voluptatem delectus maxime.', 0, 3, '1971-06-18 05:46:11');
INSERT INTO `messages` (`from_user_id`, `to_user_id`, `body`, `important`, `delivered`, `created_at`) VALUES (78, 6, 'Dignissimos unde ut quia non qui. Vel quo maxime tempora et. Modi enim fugiat est tempora fuga nihil nemo. Consequuntur voluptas delectus necessitatibus molestiae quia hic aliquid. Exercitationem cum commodi sit consequatur quis fuga.', 0, 6, '2005-07-07 12:07:21');
INSERT INTO `messages` (`from_user_id`, `to_user_id`, `body`, `important`, `delivered`, `created_at`) VALUES (79, 59, 'Eligendi sint sed aut qui sint vel. Eos nulla ipsa eius voluptatibus libero. Maxime dolor quia deserunt inventore delectus tempore.', 0, 3, '1983-03-10 21:45:59');
INSERT INTO `messages` (`from_user_id`, `to_user_id`, `body`, `important`, `delivered`, `created_at`) VALUES (80, 94, 'Qui eos deserunt numquam dolore quia occaecati nobis. Sequi laudantium cupiditate dolore vel reprehenderit atque dolores eius. Deleniti consequatur occaecati soluta cumque dolorem. Quia eius et aperiam.', 0, 8, '1976-09-04 10:51:59');
INSERT INTO `messages` (`from_user_id`, `to_user_id`, `body`, `important`, `delivered`, `created_at`) VALUES (81, 100, 'Error illum et dignissimos earum qui. In voluptatem at velit minus possimus. Eligendi impedit rerum harum ipsum dolores nobis sequi.', 1, 1, '1995-04-17 03:44:56');
INSERT INTO `messages` (`from_user_id`, `to_user_id`, `body`, `important`, `delivered`, `created_at`) VALUES (82, 27, 'Illum voluptatibus molestiae nihil officia. Earum natus ut voluptatem porro. Quae quod voluptas animi possimus officia possimus.', 1, 0, '1998-10-19 15:02:13');
INSERT INTO `messages` (`from_user_id`, `to_user_id`, `body`, `important`, `delivered`, `created_at`) VALUES (83, 75, 'Et aut voluptatem iste cupiditate. Dolorem atque harum sunt aspernatur. Voluptate facilis ipsa sit.', 0, 6, '1997-10-01 16:37:36');
INSERT INTO `messages` (`from_user_id`, `to_user_id`, `body`, `important`, `delivered`, `created_at`) VALUES (84, 91, 'Laborum necessitatibus in qui voluptatem debitis necessitatibus consequuntur. Voluptas sunt quaerat dolores dolores blanditiis possimus. Eos aut aut sit numquam exercitationem labore qui. Eius minus qui omnis enim assumenda quis ut. Sed iste doloribus numquam sit.', 0, 8, '1988-07-25 20:55:42');
INSERT INTO `messages` (`from_user_id`, `to_user_id`, `body`, `important`, `delivered`, `created_at`) VALUES (85, 97, 'Accusamus maiores illo voluptas quos esse quos est. Accusamus dicta omnis explicabo ratione.', 0, 8, '2004-04-26 08:54:08');
INSERT INTO `messages` (`from_user_id`, `to_user_id`, `body`, `important`, `delivered`, `created_at`) VALUES (86, 89, 'Cumque voluptatem est nobis fugiat labore iste. Tempora eum sit qui corporis aut. Dolore mollitia quia non nihil quae vel nobis. Dolor ex sed cumque dolorem.', 1, 1, '2019-02-19 04:13:10');
INSERT INTO `messages` (`from_user_id`, `to_user_id`, `body`, `important`, `delivered`, `created_at`) VALUES (87, 69, 'Et nisi eum aut qui unde et ipsum. Voluptatem aut reiciendis aut maiores ex. Vel quo placeat debitis est. Optio qui enim voluptatibus.', 1, 0, '1974-03-24 17:46:38');
INSERT INTO `messages` (`from_user_id`, `to_user_id`, `body`, `important`, `delivered`, `created_at`) VALUES (88, 28, 'Pariatur qui suscipit consequatur non vero eos placeat labore. Doloribus et temporibus voluptatibus iure sed officia. Quod dignissimos adipisci et iste enim amet. Quidem necessitatibus rerum consequatur nostrum reiciendis est quas.', 1, 9, '1997-03-21 03:12:04');
INSERT INTO `messages` (`from_user_id`, `to_user_id`, `body`, `important`, `delivered`, `created_at`) VALUES (89, 80, 'Rerum omnis quaerat perferendis ipsum est consequuntur reiciendis. Voluptas quidem ea quia rerum error autem quam. Nihil doloribus laudantium sunt quia. Et maiores ipsam molestiae tenetur in illo iusto quam.', 0, 1, '2002-05-18 09:48:15');
INSERT INTO `messages` (`from_user_id`, `to_user_id`, `body`, `important`, `delivered`, `created_at`) VALUES (90, 7, 'Aut quia voluptatem repellat accusamus et voluptas aut. Dolor tempore architecto consequatur. Eos aut eum accusamus rerum.', 1, 2, '1990-04-24 08:14:02');
INSERT INTO `messages` (`from_user_id`, `to_user_id`, `body`, `important`, `delivered`, `created_at`) VALUES (91, 96, 'At voluptas omnis voluptatum est nisi. In in rerum suscipit provident voluptates odio veniam nam. Accusantium fugiat aut qui ut. Dolorem est ipsum quidem fugiat.', 0, 7, '2015-11-16 06:39:40');
INSERT INTO `messages` (`from_user_id`, `to_user_id`, `body`, `important`, `delivered`, `created_at`) VALUES (92, 67, 'Excepturi aut rerum laborum autem quaerat. Sunt consectetur unde a rem. Sit eos ut ratione ducimus et inventore.', 0, 2, '2005-01-07 05:57:20');
INSERT INTO `messages` (`from_user_id`, `to_user_id`, `body`, `important`, `delivered`, `created_at`) VALUES (93, 2, 'Incidunt odio qui eveniet facilis quia voluptas. Animi quia nobis blanditiis quisquam modi cupiditate cumque. Rerum veniam voluptas ut cum hic enim assumenda. Voluptas voluptas iusto commodi qui doloribus.', 1, 1, '1971-04-28 14:49:37');
INSERT INTO `messages` (`from_user_id`, `to_user_id`, `body`, `important`, `delivered`, `created_at`) VALUES (94, 10, 'Asperiores voluptatibus sit natus beatae doloremque cupiditate temporibus. Dicta magni qui eum nulla expedita. Ut expedita cumque aliquam sit et voluptatem.', 1, 9, '2019-07-05 20:27:23');
INSERT INTO `messages` (`from_user_id`, `to_user_id`, `body`, `important`, `delivered`, `created_at`) VALUES (95, 20, 'Cupiditate ullam consectetur aut omnis unde. Dolorum atque in assumenda.', 1, 4, '1972-12-30 01:53:46');
INSERT INTO `messages` (`from_user_id`, `to_user_id`, `body`, `important`, `delivered`, `created_at`) VALUES (96, 10, 'Natus cumque sint culpa quod sequi quaerat voluptatem. Dolores ut fugit est omnis illum. Enim placeat autem id et. Eos doloremque dicta impedit illo.', 1, 4, '1985-10-05 17:05:42');
INSERT INTO `messages` (`from_user_id`, `to_user_id`, `body`, `important`, `delivered`, `created_at`) VALUES (97, 66, 'Ipsam pariatur sequi nisi porro at neque. Quia culpa ratione sed mollitia esse enim fugiat. Repudiandae sed doloribus labore deserunt quae et assumenda omnis. Cumque accusantium ad porro et.', 0, 3, '1981-01-11 10:10:48');
INSERT INTO `messages` (`from_user_id`, `to_user_id`, `body`, `important`, `delivered`, `created_at`) VALUES (98, 36, 'Iusto iste eum adipisci. Maiores voluptates tenetur veniam ipsam. Ut voluptatem quod temporibus. Nostrum cumque enim et inventore maxime veritatis nemo accusantium.', 1, 9, '2001-03-20 15:51:20');
INSERT INTO `messages` (`from_user_id`, `to_user_id`, `body`, `important`, `delivered`, `created_at`) VALUES (99, 38, 'Ut est enim libero dignissimos. Adipisci impedit vel magnam amet. Dicta porro accusantium fugit cupiditate. Consectetur veniam natus quos ut.', 0, 9, '2009-12-16 10:20:45');
INSERT INTO `messages` (`from_user_id`, `to_user_id`, `body`, `important`, `delivered`, `created_at`) VALUES (100, 51, 'Laudantium enim in et ut nobis qui impedit. Et dicta tenetur debitis temporibus et. Dolorum debitis non aspernatur suscipit ab sed delectus laudantium.', 1, 5, '1991-11-12 17:40:21');


#
# TABLE STRUCTURE FOR: profiles
#

DROP TABLE IF EXISTS `profiles`;

CREATE TABLE `profiles` (
  `user_id` int(10) unsigned NOT NULL,
  `sex` char(1) COLLATE utf8_unicode_ci NOT NULL,
  `birthday` date DEFAULT NULL,
  `hometown` varchar(100) COLLATE utf8_unicode_ci DEFAULT NULL,
  `photo_id` int(10) unsigned NOT NULL,
  PRIMARY KEY (`user_id`)
) ENGINE=InnoDB DEFAULT CHARSET=utf8 COLLATE=utf8_unicode_ci;

INSERT INTO `profiles` (`user_id`, `sex`, `birthday`, `hometown`, `photo_id`) VALUES (1, 'm', '2015-10-26', 'New Nicola', 1);
INSERT INTO `profiles` (`user_id`, `sex`, `birthday`, `hometown`, `photo_id`) VALUES (2, 'm', '2005-12-01', 'Leratown', 2);
INSERT INTO `profiles` (`user_id`, `sex`, `birthday`, `hometown`, `photo_id`) VALUES (3, 'm', '1993-03-16', 'East Pasqualeside', 3);
INSERT INTO `profiles` (`user_id`, `sex`, `birthday`, `hometown`, `photo_id`) VALUES (4, 'm', '1988-02-07', 'West Murray', 4);
INSERT INTO `profiles` (`user_id`, `sex`, `birthday`, `hometown`, `photo_id`) VALUES (5, 'm', '1988-10-15', 'West Travonmouth', 5);
INSERT INTO `profiles` (`user_id`, `sex`, `birthday`, `hometown`, `photo_id`) VALUES (6, '', '1982-11-19', 'West Stanleyview', 6);
INSERT INTO `profiles` (`user_id`, `sex`, `birthday`, `hometown`, `photo_id`) VALUES (7, 'm', '1987-06-27', 'Emmettburgh', 7);
INSERT INTO `profiles` (`user_id`, `sex`, `birthday`, `hometown`, `photo_id`) VALUES (8, 'm', '1982-08-11', 'East Vickyfurt', 8);
INSERT INTO `profiles` (`user_id`, `sex`, `birthday`, `hometown`, `photo_id`) VALUES (9, '', '2007-08-09', 'Hackettmouth', 9);
INSERT INTO `profiles` (`user_id`, `sex`, `birthday`, `hometown`, `photo_id`) VALUES (10, '', '1991-09-11', 'Preciousville', 10);
INSERT INTO `profiles` (`user_id`, `sex`, `birthday`, `hometown`, `photo_id`) VALUES (11, '', '1974-12-09', 'Gerholdburgh', 11);
INSERT INTO `profiles` (`user_id`, `sex`, `birthday`, `hometown`, `photo_id`) VALUES (12, 'm', '1979-02-14', 'Antoniaburgh', 12);
INSERT INTO `profiles` (`user_id`, `sex`, `birthday`, `hometown`, `photo_id`) VALUES (13, '', '1995-08-27', 'Ziemannchester', 13);
INSERT INTO `profiles` (`user_id`, `sex`, `birthday`, `hometown`, `photo_id`) VALUES (14, 'm', '1978-12-26', 'East Opalfort', 14);
INSERT INTO `profiles` (`user_id`, `sex`, `birthday`, `hometown`, `photo_id`) VALUES (15, 'm', '1986-04-29', 'McCluremouth', 15);
INSERT INTO `profiles` (`user_id`, `sex`, `birthday`, `hometown`, `photo_id`) VALUES (16, '', '1970-03-22', 'Mosheton', 16);
INSERT INTO `profiles` (`user_id`, `sex`, `birthday`, `hometown`, `photo_id`) VALUES (17, 'm', '2018-08-09', 'Lake Willardland', 17);
INSERT INTO `profiles` (`user_id`, `sex`, `birthday`, `hometown`, `photo_id`) VALUES (18, '', '1998-10-18', 'VonRuedenchester', 18);
INSERT INTO `profiles` (`user_id`, `sex`, `birthday`, `hometown`, `photo_id`) VALUES (19, 'm', '1976-07-22', 'Lake Myriam', 19);
INSERT INTO `profiles` (`user_id`, `sex`, `birthday`, `hometown`, `photo_id`) VALUES (20, '', '2003-07-21', 'O\'Reillyberg', 20);
INSERT INTO `profiles` (`user_id`, `sex`, `birthday`, `hometown`, `photo_id`) VALUES (21, 'm', '2004-01-04', 'South Tyrelton', 21);
INSERT INTO `profiles` (`user_id`, `sex`, `birthday`, `hometown`, `photo_id`) VALUES (22, 'm', '1971-10-24', 'New Malinda', 22);
INSERT INTO `profiles` (`user_id`, `sex`, `birthday`, `hometown`, `photo_id`) VALUES (23, 'm', '1996-12-19', 'Rociochester', 23);
INSERT INTO `profiles` (`user_id`, `sex`, `birthday`, `hometown`, `photo_id`) VALUES (24, '', '1993-10-07', 'Sanfordport', 24);
INSERT INTO `profiles` (`user_id`, `sex`, `birthday`, `hometown`, `photo_id`) VALUES (25, 'm', '1974-06-08', 'Altenwerthton', 25);
INSERT INTO `profiles` (`user_id`, `sex`, `birthday`, `hometown`, `photo_id`) VALUES (26, '', '2018-02-06', 'East Laron', 26);
INSERT INTO `profiles` (`user_id`, `sex`, `birthday`, `hometown`, `photo_id`) VALUES (27, 'm', '2005-12-26', 'New Ottiliefort', 27);
INSERT INTO `profiles` (`user_id`, `sex`, `birthday`, `hometown`, `photo_id`) VALUES (28, 'm', '1997-08-15', 'Runolfssonfort', 28);
INSERT INTO `profiles` (`user_id`, `sex`, `birthday`, `hometown`, `photo_id`) VALUES (29, 'm', '1999-09-23', 'Luettgenton', 29);
INSERT INTO `profiles` (`user_id`, `sex`, `birthday`, `hometown`, `photo_id`) VALUES (30, '', '2007-05-13', 'West Ethelynmouth', 30);
INSERT INTO `profiles` (`user_id`, `sex`, `birthday`, `hometown`, `photo_id`) VALUES (31, 'm', '2017-06-02', 'Port Lilliana', 31);
INSERT INTO `profiles` (`user_id`, `sex`, `birthday`, `hometown`, `photo_id`) VALUES (32, 'm', '2004-11-15', 'New Jacinthemouth', 32);
INSERT INTO `profiles` (`user_id`, `sex`, `birthday`, `hometown`, `photo_id`) VALUES (33, 'm', '1988-01-01', 'Bartolettifort', 33);
INSERT INTO `profiles` (`user_id`, `sex`, `birthday`, `hometown`, `photo_id`) VALUES (34, 'm', '1997-10-02', 'Bogisichshire', 34);
INSERT INTO `profiles` (`user_id`, `sex`, `birthday`, `hometown`, `photo_id`) VALUES (35, 'm', '1989-10-10', 'South Anneview', 35);
INSERT INTO `profiles` (`user_id`, `sex`, `birthday`, `hometown`, `photo_id`) VALUES (36, 'm', '2005-03-02', 'Port Buckside', 36);
INSERT INTO `profiles` (`user_id`, `sex`, `birthday`, `hometown`, `photo_id`) VALUES (37, 'm', '2013-06-12', 'New Verdie', 37);
INSERT INTO `profiles` (`user_id`, `sex`, `birthday`, `hometown`, `photo_id`) VALUES (38, '', '2013-07-27', 'Jolieville', 38);
INSERT INTO `profiles` (`user_id`, `sex`, `birthday`, `hometown`, `photo_id`) VALUES (39, 'm', '2013-04-24', 'North Roxanne', 39);
INSERT INTO `profiles` (`user_id`, `sex`, `birthday`, `hometown`, `photo_id`) VALUES (40, 'm', '1979-09-29', 'Gislasonfort', 40);
INSERT INTO `profiles` (`user_id`, `sex`, `birthday`, `hometown`, `photo_id`) VALUES (41, '', '2005-11-15', 'South Andre', 41);
INSERT INTO `profiles` (`user_id`, `sex`, `birthday`, `hometown`, `photo_id`) VALUES (42, 'm', '2004-12-10', 'Deionshire', 42);
INSERT INTO `profiles` (`user_id`, `sex`, `birthday`, `hometown`, `photo_id`) VALUES (43, 'm', '2014-07-16', 'Cruickshankhaven', 43);
INSERT INTO `profiles` (`user_id`, `sex`, `birthday`, `hometown`, `photo_id`) VALUES (44, 'm', '2003-09-26', 'Bergstrommouth', 44);
INSERT INTO `profiles` (`user_id`, `sex`, `birthday`, `hometown`, `photo_id`) VALUES (45, 'm', '2006-10-13', 'Zemlakbury', 45);
INSERT INTO `profiles` (`user_id`, `sex`, `birthday`, `hometown`, `photo_id`) VALUES (46, '', '2012-11-27', 'East Milanmouth', 46);
INSERT INTO `profiles` (`user_id`, `sex`, `birthday`, `hometown`, `photo_id`) VALUES (47, 'm', '1990-02-01', 'New June', 47);
INSERT INTO `profiles` (`user_id`, `sex`, `birthday`, `hometown`, `photo_id`) VALUES (48, '', '2010-11-08', 'Emmettport', 48);
INSERT INTO `profiles` (`user_id`, `sex`, `birthday`, `hometown`, `photo_id`) VALUES (49, '', '1996-06-21', 'Wiegandhaven', 49);
INSERT INTO `profiles` (`user_id`, `sex`, `birthday`, `hometown`, `photo_id`) VALUES (50, 'm', '2001-10-19', 'Bessiehaven', 50);
INSERT INTO `profiles` (`user_id`, `sex`, `birthday`, `hometown`, `photo_id`) VALUES (51, '', '1990-07-12', 'Schneiderbury', 51);
INSERT INTO `profiles` (`user_id`, `sex`, `birthday`, `hometown`, `photo_id`) VALUES (52, '', '1980-05-31', 'Hickleside', 52);
INSERT INTO `profiles` (`user_id`, `sex`, `birthday`, `hometown`, `photo_id`) VALUES (53, '', '1980-08-08', 'Arloborough', 53);
INSERT INTO `profiles` (`user_id`, `sex`, `birthday`, `hometown`, `photo_id`) VALUES (54, 'm', '1996-12-04', 'Jonesshire', 54);
INSERT INTO `profiles` (`user_id`, `sex`, `birthday`, `hometown`, `photo_id`) VALUES (55, 'm', '2014-10-25', 'Damarismouth', 55);
INSERT INTO `profiles` (`user_id`, `sex`, `birthday`, `hometown`, `photo_id`) VALUES (56, 'm', '2010-10-18', 'South Mckenzietown', 56);
INSERT INTO `profiles` (`user_id`, `sex`, `birthday`, `hometown`, `photo_id`) VALUES (57, 'm', '1991-04-28', 'Rosamondport', 57);
INSERT INTO `profiles` (`user_id`, `sex`, `birthday`, `hometown`, `photo_id`) VALUES (58, 'm', '1981-09-18', 'Waelchiville', 58);
INSERT INTO `profiles` (`user_id`, `sex`, `birthday`, `hometown`, `photo_id`) VALUES (59, '', '2017-09-02', 'Lavinaberg', 59);
INSERT INTO `profiles` (`user_id`, `sex`, `birthday`, `hometown`, `photo_id`) VALUES (60, '', '1997-09-30', 'Kertzmannton', 60);
INSERT INTO `profiles` (`user_id`, `sex`, `birthday`, `hometown`, `photo_id`) VALUES (61, '', '1987-05-15', 'Charlottehaven', 61);
INSERT INTO `profiles` (`user_id`, `sex`, `birthday`, `hometown`, `photo_id`) VALUES (62, '', '2008-09-21', 'Jacobsonfort', 62);
INSERT INTO `profiles` (`user_id`, `sex`, `birthday`, `hometown`, `photo_id`) VALUES (63, 'm', '2013-05-01', 'Kautzerfurt', 63);
INSERT INTO `profiles` (`user_id`, `sex`, `birthday`, `hometown`, `photo_id`) VALUES (64, '', '1991-12-27', 'Gleasonberg', 64);
INSERT INTO `profiles` (`user_id`, `sex`, `birthday`, `hometown`, `photo_id`) VALUES (65, 'm', '2006-08-05', 'Port Adrianville', 65);
INSERT INTO `profiles` (`user_id`, `sex`, `birthday`, `hometown`, `photo_id`) VALUES (66, '', '1986-05-19', 'Myrltown', 66);
INSERT INTO `profiles` (`user_id`, `sex`, `birthday`, `hometown`, `photo_id`) VALUES (67, 'm', '1999-01-29', 'Alfshire', 67);
INSERT INTO `profiles` (`user_id`, `sex`, `birthday`, `hometown`, `photo_id`) VALUES (68, 'm', '1981-09-13', 'Alexannetown', 68);
INSERT INTO `profiles` (`user_id`, `sex`, `birthday`, `hometown`, `photo_id`) VALUES (69, '', '2011-11-27', 'Purdyborough', 69);
INSERT INTO `profiles` (`user_id`, `sex`, `birthday`, `hometown`, `photo_id`) VALUES (70, '', '1972-12-16', 'Macejkovicland', 70);
INSERT INTO `profiles` (`user_id`, `sex`, `birthday`, `hometown`, `photo_id`) VALUES (71, 'm', '1987-07-16', 'Frankborough', 71);
INSERT INTO `profiles` (`user_id`, `sex`, `birthday`, `hometown`, `photo_id`) VALUES (72, 'm', '1996-05-08', 'New Wilson', 72);
INSERT INTO `profiles` (`user_id`, `sex`, `birthday`, `hometown`, `photo_id`) VALUES (73, 'm', '2006-01-05', 'New Kayaborough', 73);
INSERT INTO `profiles` (`user_id`, `sex`, `birthday`, `hometown`, `photo_id`) VALUES (74, 'm', '2001-07-16', 'Lake Tyrellberg', 74);
INSERT INTO `profiles` (`user_id`, `sex`, `birthday`, `hometown`, `photo_id`) VALUES (75, '', '1999-09-10', 'Morarfort', 75);
INSERT INTO `profiles` (`user_id`, `sex`, `birthday`, `hometown`, `photo_id`) VALUES (76, '', '1995-10-08', 'Shaniaside', 76);
INSERT INTO `profiles` (`user_id`, `sex`, `birthday`, `hometown`, `photo_id`) VALUES (77, 'm', '1994-05-25', 'Karinafort', 77);
INSERT INTO `profiles` (`user_id`, `sex`, `birthday`, `hometown`, `photo_id`) VALUES (78, '', '2006-07-17', 'North Frieda', 78);
INSERT INTO `profiles` (`user_id`, `sex`, `birthday`, `hometown`, `photo_id`) VALUES (79, '', '2001-04-30', 'New Willastad', 79);
INSERT INTO `profiles` (`user_id`, `sex`, `birthday`, `hometown`, `photo_id`) VALUES (80, 'm', '2003-06-21', 'New Valentinaborough', 80);
INSERT INTO `profiles` (`user_id`, `sex`, `birthday`, `hometown`, `photo_id`) VALUES (81, 'm', '1980-07-23', 'Georgianaberg', 81);
INSERT INTO `profiles` (`user_id`, `sex`, `birthday`, `hometown`, `photo_id`) VALUES (82, 'm', '2016-06-27', 'Heidenreichshire', 82);
INSERT INTO `profiles` (`user_id`, `sex`, `birthday`, `hometown`, `photo_id`) VALUES (83, 'm', '2000-10-30', 'South Leda', 83);
INSERT INTO `profiles` (`user_id`, `sex`, `birthday`, `hometown`, `photo_id`) VALUES (84, 'm', '2002-06-07', 'Stiedemannside', 84);
INSERT INTO `profiles` (`user_id`, `sex`, `birthday`, `hometown`, `photo_id`) VALUES (85, '', '1999-11-23', 'Kuvalisview', 85);
INSERT INTO `profiles` (`user_id`, `sex`, `birthday`, `hometown`, `photo_id`) VALUES (86, '', '2016-08-22', 'Uptonland', 86);
INSERT INTO `profiles` (`user_id`, `sex`, `birthday`, `hometown`, `photo_id`) VALUES (87, 'm', '1979-05-17', 'North Shany', 87);
INSERT INTO `profiles` (`user_id`, `sex`, `birthday`, `hometown`, `photo_id`) VALUES (88, '', '2006-03-16', 'South Leonel', 88);
INSERT INTO `profiles` (`user_id`, `sex`, `birthday`, `hometown`, `photo_id`) VALUES (89, '', '2018-07-24', 'New Aimee', 89);
INSERT INTO `profiles` (`user_id`, `sex`, `birthday`, `hometown`, `photo_id`) VALUES (90, '', '2004-01-27', 'Port Crystal', 90);
INSERT INTO `profiles` (`user_id`, `sex`, `birthday`, `hometown`, `photo_id`) VALUES (91, '', '1998-02-04', 'Rosemarieborough', 91);
INSERT INTO `profiles` (`user_id`, `sex`, `birthday`, `hometown`, `photo_id`) VALUES (92, 'm', '1973-07-30', 'Westland', 92);
INSERT INTO `profiles` (`user_id`, `sex`, `birthday`, `hometown`, `photo_id`) VALUES (93, '', '1991-02-27', 'South Lowell', 93);
INSERT INTO `profiles` (`user_id`, `sex`, `birthday`, `hometown`, `photo_id`) VALUES (94, 'm', '1982-01-18', 'Brendahaven', 94);
INSERT INTO `profiles` (`user_id`, `sex`, `birthday`, `hometown`, `photo_id`) VALUES (95, 'm', '2003-01-08', 'North Shawna', 95);
INSERT INTO `profiles` (`user_id`, `sex`, `birthday`, `hometown`, `photo_id`) VALUES (96, 'm', '1998-05-12', 'Port Giovanny', 96);
INSERT INTO `profiles` (`user_id`, `sex`, `birthday`, `hometown`, `photo_id`) VALUES (97, '', '1976-05-14', 'East Florencioview', 97);
INSERT INTO `profiles` (`user_id`, `sex`, `birthday`, `hometown`, `photo_id`) VALUES (98, 'm', '1977-11-28', 'Emardchester', 98);
INSERT INTO `profiles` (`user_id`, `sex`, `birthday`, `hometown`, `photo_id`) VALUES (99, '', '1999-09-14', 'South Westonview', 99);
INSERT INTO `profiles` (`user_id`, `sex`, `birthday`, `hometown`, `photo_id`) VALUES (100, 'm', '2008-07-26', 'Okunevatown', 100);


#
# TABLE STRUCTURE FOR: users
#

DROP TABLE IF EXISTS `users`;

CREATE TABLE `users` (
  `id` int(10) unsigned NOT NULL AUTO_INCREMENT,
  `firstname` varchar(100) COLLATE utf8_unicode_ci NOT NULL,
  `lastname` varchar(100) COLLATE utf8_unicode_ci NOT NULL,
  `email` varchar(120) COLLATE utf8_unicode_ci NOT NULL,
  `phone` varchar(120) COLLATE utf8_unicode_ci NOT NULL,
  `created_at` datetime DEFAULT current_timestamp(),
  `updated_at` datetime DEFAULT current_timestamp() ON UPDATE current_timestamp(),
  PRIMARY KEY (`id`),
  UNIQUE KEY `email` (`email`),
  UNIQUE KEY `phone` (`phone`)
) ENGINE=InnoDB AUTO_INCREMENT=101 DEFAULT CHARSET=utf8 COLLATE=utf8_unicode_ci;

INSERT INTO `users` (`id`, `firstname`, `lastname`, `email`, `phone`, `created_at`, `updated_at`) VALUES (1, 'Alexa', 'Hansen', 'mitchell.schowalter@example.net', '09358455131', '1995-09-29 03:37:45', '1998-04-06 22:05:08');
INSERT INTO `users` (`id`, `firstname`, `lastname`, `email`, `phone`, `created_at`, `updated_at`) VALUES (2, 'Pamela', 'Schamberger', 'streich.kira@example.org', '(120)017-1591', '2001-06-13 14:27:34', '1974-10-09 12:33:04');
INSERT INTO `users` (`id`, `firstname`, `lastname`, `email`, `phone`, `created_at`, `updated_at`) VALUES (3, 'Isaac', 'Jast', 'spencer.giovanna@example.net', '1-189-174-4075x759', '1984-12-23 00:14:52', '1981-04-13 17:56:34');
INSERT INTO `users` (`id`, `firstname`, `lastname`, `email`, `phone`, `created_at`, `updated_at`) VALUES (4, 'Zechariah', 'Kihn', 'reichert.leonora@example.com', '383.753.1474', '2012-08-01 22:20:29', '1985-04-01 05:34:10');
INSERT INTO `users` (`id`, `firstname`, `lastname`, `email`, `phone`, `created_at`, `updated_at`) VALUES (5, 'Elwin', 'DuBuque', 'kdooley@example.com', '(820)767-6709', '1982-08-26 01:13:59', '1981-12-25 12:56:58');
INSERT INTO `users` (`id`, `firstname`, `lastname`, `email`, `phone`, `created_at`, `updated_at`) VALUES (6, 'Barry', 'Stokes', 'parker.alexandro@example.org', '178-912-9930x405', '1987-09-24 14:03:06', '1997-07-19 11:08:16');
INSERT INTO `users` (`id`, `firstname`, `lastname`, `email`, `phone`, `created_at`, `updated_at`) VALUES (7, 'Hiram', 'Lesch', 'everardo13@example.net', '666-419-0209', '2019-05-05 07:26:09', '2009-03-21 00:15:39');
INSERT INTO `users` (`id`, `firstname`, `lastname`, `email`, `phone`, `created_at`, `updated_at`) VALUES (8, 'Melody', 'Shields', 'wquigley@example.com', '799.510.1129', '1997-05-02 02:57:34', '1975-07-30 14:30:38');
INSERT INTO `users` (`id`, `firstname`, `lastname`, `email`, `phone`, `created_at`, `updated_at`) VALUES (9, 'Zion', 'Pfeffer', 'zwunsch@example.net', '683-637-8934x1932', '1977-07-13 22:51:38', '2011-05-07 19:44:32');
INSERT INTO `users` (`id`, `firstname`, `lastname`, `email`, `phone`, `created_at`, `updated_at`) VALUES (10, 'Lera', 'McCullough', 'twaelchi@example.net', '442-127-4727', '1998-12-07 12:35:41', '2006-04-07 22:51:53');
INSERT INTO `users` (`id`, `firstname`, `lastname`, `email`, `phone`, `created_at`, `updated_at`) VALUES (11, 'Jaida', 'Ziemann', 'dewayne.reichel@example.org', '1-401-843-6426x16357', '1980-05-03 02:20:58', '2017-07-25 15:31:13');
INSERT INTO `users` (`id`, `firstname`, `lastname`, `email`, `phone`, `created_at`, `updated_at`) VALUES (12, 'Jennings', 'Mayert', 'kip.dubuque@example.com', '344.290.1527', '2007-05-03 14:03:42', '2007-09-02 05:06:09');
INSERT INTO `users` (`id`, `firstname`, `lastname`, `email`, `phone`, `created_at`, `updated_at`) VALUES (13, 'Jamey', 'Huels', 'jace36@example.com', '388-211-4420x573', '1998-02-06 21:31:00', '2015-02-04 00:10:10');
INSERT INTO `users` (`id`, `firstname`, `lastname`, `email`, `phone`, `created_at`, `updated_at`) VALUES (14, 'Johathan', 'Shields', 'jazlyn19@example.com', '1-229-443-2608', '1995-12-04 13:43:07', '2015-12-03 09:51:54');
INSERT INTO `users` (`id`, `firstname`, `lastname`, `email`, `phone`, `created_at`, `updated_at`) VALUES (15, 'Romaine', 'Schinner', 'wyman.kling@example.org', '458.977.0161x1481', '1986-09-29 12:28:21', '2006-03-19 14:06:42');
INSERT INTO `users` (`id`, `firstname`, `lastname`, `email`, `phone`, `created_at`, `updated_at`) VALUES (16, 'Mazie', 'Luettgen', 'gglover@example.org', '(137)308-8262', '1987-09-27 08:45:39', '1970-08-22 12:07:46');
INSERT INTO `users` (`id`, `firstname`, `lastname`, `email`, `phone`, `created_at`, `updated_at`) VALUES (17, 'Carolyne', 'Becker', 'daugherty.osborne@example.net', '504.697.0192', '2011-07-03 12:13:48', '1996-12-22 10:04:45');
INSERT INTO `users` (`id`, `firstname`, `lastname`, `email`, `phone`, `created_at`, `updated_at`) VALUES (18, 'Jerod', 'Emard', 'folson@example.org', '(114)472-4525x933', '1983-10-15 06:14:16', '2017-06-14 09:00:14');
INSERT INTO `users` (`id`, `firstname`, `lastname`, `email`, `phone`, `created_at`, `updated_at`) VALUES (19, 'Vaughn', 'Morissette', 'scarlett30@example.org', '390-831-3423x42572', '2016-04-10 10:50:50', '1983-07-06 23:02:18');
INSERT INTO `users` (`id`, `firstname`, `lastname`, `email`, `phone`, `created_at`, `updated_at`) VALUES (20, 'Orland', 'Ziemann', 'lynch.carmella@example.com', '(806)717-6902', '2001-04-25 12:12:13', '1988-11-15 13:49:28');
INSERT INTO `users` (`id`, `firstname`, `lastname`, `email`, `phone`, `created_at`, `updated_at`) VALUES (21, 'Amara', 'Kuhic', 'brice.mcdermott@example.org', '602-243-0432', '1994-02-09 08:47:54', '1970-07-28 22:56:27');
INSERT INTO `users` (`id`, `firstname`, `lastname`, `email`, `phone`, `created_at`, `updated_at`) VALUES (22, 'Rossie', 'Little', 'selmer21@example.org', '435-541-9885x295', '1992-03-14 11:55:07', '1985-01-08 08:25:49');
INSERT INTO `users` (`id`, `firstname`, `lastname`, `email`, `phone`, `created_at`, `updated_at`) VALUES (23, 'Antonina', 'Mayer', 'witting.devonte@example.org', '360-757-6450x1913', '2008-11-21 05:40:46', '2018-05-14 18:01:38');
INSERT INTO `users` (`id`, `firstname`, `lastname`, `email`, `phone`, `created_at`, `updated_at`) VALUES (24, 'Emery', 'Hintz', 'skoepp@example.com', '009.902.8094', '1975-03-04 04:03:29', '1999-11-18 19:28:01');
INSERT INTO `users` (`id`, `firstname`, `lastname`, `email`, `phone`, `created_at`, `updated_at`) VALUES (25, 'Christian', 'McGlynn', 'shanon.nikolaus@example.net', '852-515-0013', '1996-04-07 10:51:32', '2001-10-07 13:45:08');
INSERT INTO `users` (`id`, `firstname`, `lastname`, `email`, `phone`, `created_at`, `updated_at`) VALUES (26, 'Noemie', 'Nienow', 'hauck.jaron@example.net', '(318)694-9876x5271', '1979-07-29 05:16:42', '2005-10-09 22:11:47');
INSERT INTO `users` (`id`, `firstname`, `lastname`, `email`, `phone`, `created_at`, `updated_at`) VALUES (27, 'Wilbert', 'Mosciski', 'schmeler.cristian@example.org', '1-697-136-7754x115', '1973-11-30 18:26:08', '1982-09-07 05:50:43');
INSERT INTO `users` (`id`, `firstname`, `lastname`, `email`, `phone`, `created_at`, `updated_at`) VALUES (28, 'Osborne', 'Mraz', 'moen.dejah@example.com', '344.940.2376x45881', '1994-07-04 10:40:27', '2011-04-01 14:38:49');
INSERT INTO `users` (`id`, `firstname`, `lastname`, `email`, `phone`, `created_at`, `updated_at`) VALUES (29, 'Antonetta', 'Jacobi', 'raquel16@example.org', '(055)184-0288', '2002-06-15 22:36:29', '1991-12-01 18:07:24');
INSERT INTO `users` (`id`, `firstname`, `lastname`, `email`, `phone`, `created_at`, `updated_at`) VALUES (30, 'Otis', 'Kuhic', 'yabshire@example.net', '(214)007-8690', '1989-01-14 10:25:52', '2008-11-12 08:03:25');
INSERT INTO `users` (`id`, `firstname`, `lastname`, `email`, `phone`, `created_at`, `updated_at`) VALUES (31, 'Madison', 'Waters', 'ihermann@example.net', '00100803887', '2016-06-01 08:33:33', '2002-10-24 21:41:36');
INSERT INTO `users` (`id`, `firstname`, `lastname`, `email`, `phone`, `created_at`, `updated_at`) VALUES (32, 'Marquis', 'Kulas', 'cordelia58@example.com', '261-265-9754x52100', '1982-02-14 03:45:53', '2019-03-28 13:58:17');
INSERT INTO `users` (`id`, `firstname`, `lastname`, `email`, `phone`, `created_at`, `updated_at`) VALUES (33, 'Cassie', 'Gorczany', 'cynthia.jenkins@example.com', '633-176-5285', '1995-06-19 22:49:08', '1982-02-16 20:27:13');
INSERT INTO `users` (`id`, `firstname`, `lastname`, `email`, `phone`, `created_at`, `updated_at`) VALUES (34, 'Hank', 'Glover', 'brooks.kreiger@example.net', '(824)035-5963x0902', '1974-09-07 10:10:49', '2003-01-21 16:12:41');
INSERT INTO `users` (`id`, `firstname`, `lastname`, `email`, `phone`, `created_at`, `updated_at`) VALUES (35, 'Laurianne', 'McDermott', 'graham.stephon@example.com', '877-996-3323', '2002-01-06 17:25:57', '2000-05-28 11:50:24');
INSERT INTO `users` (`id`, `firstname`, `lastname`, `email`, `phone`, `created_at`, `updated_at`) VALUES (36, 'Everett', 'Block', 'jmosciski@example.net', '(533)914-6148x131', '1995-06-08 09:00:41', '1983-06-02 19:09:23');
INSERT INTO `users` (`id`, `firstname`, `lastname`, `email`, `phone`, `created_at`, `updated_at`) VALUES (37, 'Ahmad', 'Deckow', 'dickens.valentina@example.org', '(976)869-6313x0499', '1988-06-12 09:57:22', '1990-01-08 04:47:27');
INSERT INTO `users` (`id`, `firstname`, `lastname`, `email`, `phone`, `created_at`, `updated_at`) VALUES (38, 'Karlie', 'Kohler', 'ludie.quitzon@example.org', '1-594-631-5384x623', '1978-05-14 02:17:33', '2011-09-20 19:31:07');
INSERT INTO `users` (`id`, `firstname`, `lastname`, `email`, `phone`, `created_at`, `updated_at`) VALUES (39, 'Hertha', 'Miller', 'heaven97@example.org', '472-618-6580x55198', '1977-09-16 21:17:39', '2006-11-16 22:30:19');
INSERT INTO `users` (`id`, `firstname`, `lastname`, `email`, `phone`, `created_at`, `updated_at`) VALUES (40, 'Brooke', 'Ebert', 'schulist.dino@example.net', '438-040-2647', '2013-12-31 19:53:16', '1989-04-18 10:39:34');
INSERT INTO `users` (`id`, `firstname`, `lastname`, `email`, `phone`, `created_at`, `updated_at`) VALUES (41, 'Cydney', 'Rice', 'estrella.lehner@example.net', '440.889.5749', '2019-06-16 20:21:20', '1986-08-25 17:10:47');
INSERT INTO `users` (`id`, `firstname`, `lastname`, `email`, `phone`, `created_at`, `updated_at`) VALUES (42, 'Lucile', 'Rolfson', 'harris.kennedy@example.com', '739-786-4971', '2005-02-28 13:29:05', '1977-04-14 10:24:45');
INSERT INTO `users` (`id`, `firstname`, `lastname`, `email`, `phone`, `created_at`, `updated_at`) VALUES (43, 'Brandi', 'Lesch', 'sparker@example.org', '492-224-8547x491', '1985-07-23 22:17:03', '1988-02-02 07:05:01');
INSERT INTO `users` (`id`, `firstname`, `lastname`, `email`, `phone`, `created_at`, `updated_at`) VALUES (44, 'Sylvan', 'Reinger', 'lorenza42@example.com', '1-228-210-9327', '2002-08-11 17:35:28', '2014-06-06 22:01:55');
INSERT INTO `users` (`id`, `firstname`, `lastname`, `email`, `phone`, `created_at`, `updated_at`) VALUES (45, 'Trycia', 'Upton', 'stamm.dallas@example.com', '1-321-246-1496', '1980-02-03 21:16:38', '1987-05-24 05:08:13');
INSERT INTO `users` (`id`, `firstname`, `lastname`, `email`, `phone`, `created_at`, `updated_at`) VALUES (46, 'Hortense', 'Daniel', 'reynolds.lindsey@example.org', '552.525.7472x5513', '1978-10-21 19:24:50', '1979-09-07 03:25:30');
INSERT INTO `users` (`id`, `firstname`, `lastname`, `email`, `phone`, `created_at`, `updated_at`) VALUES (47, 'Earline', 'Wolff', 'hoppe.santina@example.org', '1-874-183-6681x0257', '1982-08-25 17:00:13', '2019-01-22 06:35:52');
INSERT INTO `users` (`id`, `firstname`, `lastname`, `email`, `phone`, `created_at`, `updated_at`) VALUES (48, 'Nikolas', 'Kling', 'susana.ziemann@example.com', '(335)260-2652', '1970-11-26 00:07:57', '2013-10-29 21:50:22');
INSERT INTO `users` (`id`, `firstname`, `lastname`, `email`, `phone`, `created_at`, `updated_at`) VALUES (49, 'Reyna', 'Klocko', 'ellie.walter@example.org', '07767993379', '2007-07-14 17:06:08', '1975-07-12 14:35:56');
INSERT INTO `users` (`id`, `firstname`, `lastname`, `email`, `phone`, `created_at`, `updated_at`) VALUES (50, 'Leann', 'Padberg', 'ondricka.roosevelt@example.org', '+88(4)7088103291', '1972-08-16 03:28:10', '1991-04-15 02:20:02');
INSERT INTO `users` (`id`, `firstname`, `lastname`, `email`, `phone`, `created_at`, `updated_at`) VALUES (51, 'Ramon', 'Deckow', 'dkoss@example.net', '584-891-0126x494', '1986-01-19 01:34:53', '2007-06-07 10:51:58');
INSERT INTO `users` (`id`, `firstname`, `lastname`, `email`, `phone`, `created_at`, `updated_at`) VALUES (52, 'Cristian', 'Wehner', 'carmelo97@example.net', '985.543.5130x8451', '2007-06-01 08:23:43', '2011-04-03 08:33:13');
INSERT INTO `users` (`id`, `firstname`, `lastname`, `email`, `phone`, `created_at`, `updated_at`) VALUES (53, 'Juliana', 'Larkin', 'darius.hand@example.com', '(513)511-3129', '2012-06-10 17:45:57', '2000-09-19 08:10:02');
INSERT INTO `users` (`id`, `firstname`, `lastname`, `email`, `phone`, `created_at`, `updated_at`) VALUES (54, 'Benton', 'Reichert', 'king.penelope@example.net', '04778162678', '1992-01-23 02:35:24', '1981-06-02 02:08:57');
INSERT INTO `users` (`id`, `firstname`, `lastname`, `email`, `phone`, `created_at`, `updated_at`) VALUES (55, 'Clark', 'Ritchie', 'walker14@example.com', '877-458-5454', '1995-12-10 03:54:08', '2010-09-12 20:43:53');
INSERT INTO `users` (`id`, `firstname`, `lastname`, `email`, `phone`, `created_at`, `updated_at`) VALUES (56, 'Domingo', 'Mraz', 'feeney.kirsten@example.net', '1-047-639-1656x6975', '1976-02-02 02:10:37', '1992-07-25 19:58:43');
INSERT INTO `users` (`id`, `firstname`, `lastname`, `email`, `phone`, `created_at`, `updated_at`) VALUES (57, 'Arnaldo', 'O\'Reilly', 'doyle.cade@example.com', '1-329-068-2063x023', '1976-11-22 00:27:26', '2019-08-27 18:04:46');
INSERT INTO `users` (`id`, `firstname`, `lastname`, `email`, `phone`, `created_at`, `updated_at`) VALUES (58, 'Augusta', 'Doyle', 'reed21@example.net', '611-456-9717x4278', '1979-02-07 10:08:20', '1976-09-17 13:21:38');
INSERT INTO `users` (`id`, `firstname`, `lastname`, `email`, `phone`, `created_at`, `updated_at`) VALUES (59, 'Loren', 'Schultz', 'corrine.schoen@example.org', '1-878-968-7642x7986', '2006-07-15 01:39:16', '2015-12-26 06:56:54');
INSERT INTO `users` (`id`, `firstname`, `lastname`, `email`, `phone`, `created_at`, `updated_at`) VALUES (60, 'Mia', 'Dach', 'shuel@example.com', '(599)753-6269', '1985-02-12 22:44:02', '1987-04-18 11:04:01');
INSERT INTO `users` (`id`, `firstname`, `lastname`, `email`, `phone`, `created_at`, `updated_at`) VALUES (61, 'Nella', 'Boehm', 'beier.amparo@example.com', '521.139.4944x00877', '2015-01-14 21:00:48', '1989-09-26 02:20:31');
INSERT INTO `users` (`id`, `firstname`, `lastname`, `email`, `phone`, `created_at`, `updated_at`) VALUES (62, 'Arlie', 'Keebler', 'kiehn.adolf@example.org', '+30(0)3355206810', '1973-10-01 02:40:38', '1986-03-29 18:57:53');
INSERT INTO `users` (`id`, `firstname`, `lastname`, `email`, `phone`, `created_at`, `updated_at`) VALUES (63, 'Jensen', 'Rice', 'granville36@example.org', '331-252-8667', '2006-01-25 19:13:41', '1997-05-12 05:45:40');
INSERT INTO `users` (`id`, `firstname`, `lastname`, `email`, `phone`, `created_at`, `updated_at`) VALUES (64, 'Hellen', 'Hessel', 'ojohns@example.org', '241.657.9068', '1986-10-17 02:22:32', '2014-12-28 11:50:34');
INSERT INTO `users` (`id`, `firstname`, `lastname`, `email`, `phone`, `created_at`, `updated_at`) VALUES (65, 'Ola', 'Johns', 'efrain.mertz@example.com', '(868)886-2693x218', '1974-05-22 09:19:02', '1997-11-22 16:22:28');
INSERT INTO `users` (`id`, `firstname`, `lastname`, `email`, `phone`, `created_at`, `updated_at`) VALUES (66, 'Antwon', 'Berge', 'polly.bartell@example.com', '02713620241', '1987-11-13 07:27:21', '2004-05-25 10:45:03');
INSERT INTO `users` (`id`, `firstname`, `lastname`, `email`, `phone`, `created_at`, `updated_at`) VALUES (67, 'Annabelle', 'Lesch', 'dave.connelly@example.org', '(669)414-1034', '2011-05-24 19:42:45', '1978-01-10 14:40:27');
INSERT INTO `users` (`id`, `firstname`, `lastname`, `email`, `phone`, `created_at`, `updated_at`) VALUES (68, 'Kayla', 'Rau', 'osmith@example.org', '337-344-4323x8086', '1973-10-19 15:21:56', '1999-07-30 08:42:05');
INSERT INTO `users` (`id`, `firstname`, `lastname`, `email`, `phone`, `created_at`, `updated_at`) VALUES (69, 'Kris', 'Hermann', 'janelle64@example.org', '979.693.3657', '1995-04-30 15:15:52', '1987-04-22 01:19:54');
INSERT INTO `users` (`id`, `firstname`, `lastname`, `email`, `phone`, `created_at`, `updated_at`) VALUES (70, 'Joana', 'Mertz', 'skiles.green@example.net', '175.681.4929x1073', '2012-04-30 10:17:08', '1971-09-15 00:36:25');
INSERT INTO `users` (`id`, `firstname`, `lastname`, `email`, `phone`, `created_at`, `updated_at`) VALUES (71, 'Ike', 'Renner', 'maya.crona@example.net', '(684)482-8507', '1985-05-02 05:48:15', '2007-05-01 13:33:51');
INSERT INTO `users` (`id`, `firstname`, `lastname`, `email`, `phone`, `created_at`, `updated_at`) VALUES (72, 'Garrison', 'Renner', 'xgutkowski@example.net', '243-868-3921x3379', '2016-12-12 03:07:15', '1989-02-28 18:33:37');
INSERT INTO `users` (`id`, `firstname`, `lastname`, `email`, `phone`, `created_at`, `updated_at`) VALUES (73, 'King', 'Hills', 'mkunde@example.com', '(526)585-3827', '1971-05-21 18:25:04', '1995-05-20 19:45:50');
INSERT INTO `users` (`id`, `firstname`, `lastname`, `email`, `phone`, `created_at`, `updated_at`) VALUES (74, 'Justina', 'Sipes', 'ebert.jarred@example.org', '(041)915-7278x95627', '1986-03-25 03:58:47', '1984-12-01 21:45:10');
INSERT INTO `users` (`id`, `firstname`, `lastname`, `email`, `phone`, `created_at`, `updated_at`) VALUES (75, 'Alexa', 'Bednar', 'terrence.ruecker@example.org', '718.957.2882x19152', '1986-12-11 06:11:10', '2010-05-30 13:41:46');
INSERT INTO `users` (`id`, `firstname`, `lastname`, `email`, `phone`, `created_at`, `updated_at`) VALUES (76, 'Dorian', 'Lebsack', 'osinski.maud@example.net', '1-810-923-8262', '1985-06-18 18:39:24', '2004-02-02 04:03:14');
INSERT INTO `users` (`id`, `firstname`, `lastname`, `email`, `phone`, `created_at`, `updated_at`) VALUES (77, 'Loren', 'Koss', 'eileen29@example.net', '343.745.4847x9174', '2016-08-19 12:33:53', '1977-02-03 07:28:25');
INSERT INTO `users` (`id`, `firstname`, `lastname`, `email`, `phone`, `created_at`, `updated_at`) VALUES (78, 'Keith', 'O\'Reilly', 'schulist.dennis@example.com', '1-129-447-4368x277', '1992-04-27 01:41:41', '2001-07-04 15:06:16');
INSERT INTO `users` (`id`, `firstname`, `lastname`, `email`, `phone`, `created_at`, `updated_at`) VALUES (79, 'Randal', 'Swift', 'ggreenfelder@example.net', '434-834-3159x582', '2015-01-21 18:13:43', '1985-07-09 06:06:17');
INSERT INTO `users` (`id`, `firstname`, `lastname`, `email`, `phone`, `created_at`, `updated_at`) VALUES (80, 'Dallas', 'Senger', 'oblanda@example.com', '1-958-643-5275x2149', '1988-03-20 13:58:34', '2005-11-16 02:36:08');
INSERT INTO `users` (`id`, `firstname`, `lastname`, `email`, `phone`, `created_at`, `updated_at`) VALUES (81, 'Erick', 'Altenwerth', 'lucius.ritchie@example.org', '486-510-2468x4312', '1973-05-02 05:19:12', '1996-07-12 03:33:55');
INSERT INTO `users` (`id`, `firstname`, `lastname`, `email`, `phone`, `created_at`, `updated_at`) VALUES (82, 'Jazmin', 'Will', 'noble.frami@example.com', '607.055.3808x817', '2017-07-04 19:50:08', '1977-12-27 23:50:52');
INSERT INTO `users` (`id`, `firstname`, `lastname`, `email`, `phone`, `created_at`, `updated_at`) VALUES (83, 'Leonardo', 'Boyer', 'vern98@example.com', '378.241.1502', '1982-11-04 04:37:29', '1995-01-02 12:22:30');
INSERT INTO `users` (`id`, `firstname`, `lastname`, `email`, `phone`, `created_at`, `updated_at`) VALUES (84, 'Opal', 'Barrows', 'herbert.sawayn@example.net', '(121)199-0347', '1996-10-06 00:27:04', '1972-06-07 01:33:03');
INSERT INTO `users` (`id`, `firstname`, `lastname`, `email`, `phone`, `created_at`, `updated_at`) VALUES (85, 'Meredith', 'Smitham', 'brooklyn.erdman@example.net', '738-773-3296x1131', '2006-11-10 16:14:13', '2009-04-12 13:54:47');
INSERT INTO `users` (`id`, `firstname`, `lastname`, `email`, `phone`, `created_at`, `updated_at`) VALUES (86, 'Ceasar', 'Ernser', 'domingo63@example.com', '1-830-112-3660', '1991-05-20 12:49:22', '1985-05-10 00:21:40');
INSERT INTO `users` (`id`, `firstname`, `lastname`, `email`, `phone`, `created_at`, `updated_at`) VALUES (87, 'Ofelia', 'Dickinson', 'rippin.dovie@example.com', '03536248725', '1983-04-16 11:30:22', '1980-03-06 05:28:42');
INSERT INTO `users` (`id`, `firstname`, `lastname`, `email`, `phone`, `created_at`, `updated_at`) VALUES (88, 'Robin', 'Anderson', 'heathcote.jarod@example.com', '1-019-086-7989', '1988-06-29 04:26:57', '1972-06-14 17:47:58');
INSERT INTO `users` (`id`, `firstname`, `lastname`, `email`, `phone`, `created_at`, `updated_at`) VALUES (89, 'Lauren', 'Stokes', 'fernando70@example.net', '467-258-2144', '2007-11-14 22:28:23', '2006-03-02 18:46:59');
INSERT INTO `users` (`id`, `firstname`, `lastname`, `email`, `phone`, `created_at`, `updated_at`) VALUES (90, 'Tate', 'Wunsch', 'marc.kirlin@example.com', '(390)979-9873x20183', '1999-11-22 05:34:30', '2012-09-26 12:05:14');
INSERT INTO `users` (`id`, `firstname`, `lastname`, `email`, `phone`, `created_at`, `updated_at`) VALUES (91, 'Verla', 'Streich', 'johnson.blaise@example.org', '1-035-553-3753', '1972-03-18 15:36:14', '2007-07-28 01:56:17');
INSERT INTO `users` (`id`, `firstname`, `lastname`, `email`, `phone`, `created_at`, `updated_at`) VALUES (92, 'Morton', 'Nader', 'borer.marta@example.org', '(286)368-3396', '1973-06-03 08:26:42', '2005-12-11 07:58:50');
INSERT INTO `users` (`id`, `firstname`, `lastname`, `email`, `phone`, `created_at`, `updated_at`) VALUES (93, 'Dexter', 'Mayert', 'crohan@example.com', '(873)986-9492x14260', '1976-09-17 16:22:32', '2013-06-03 11:17:20');
INSERT INTO `users` (`id`, `firstname`, `lastname`, `email`, `phone`, `created_at`, `updated_at`) VALUES (94, 'Leon', 'Turner', 'miguel.paucek@example.com', '150-827-8159x967', '1986-09-29 20:39:48', '2011-12-24 21:50:38');
INSERT INTO `users` (`id`, `firstname`, `lastname`, `email`, `phone`, `created_at`, `updated_at`) VALUES (95, 'Daren', 'Bergstrom', 'heaney.yesenia@example.net', '1-187-369-4105x774', '1985-04-25 11:46:11', '2006-11-21 08:15:13');
INSERT INTO `users` (`id`, `firstname`, `lastname`, `email`, `phone`, `created_at`, `updated_at`) VALUES (96, 'Nickolas', 'Baumbach', 'elta64@example.org', '(271)571-0636x240', '1980-12-18 12:53:31', '1981-05-30 13:25:52');
INSERT INTO `users` (`id`, `firstname`, `lastname`, `email`, `phone`, `created_at`, `updated_at`) VALUES (97, 'Irma', 'Wiegand', 'portiz@example.net', '+29(2)4874061707', '2008-08-12 22:35:49', '1986-11-05 11:01:38');
INSERT INTO `users` (`id`, `firstname`, `lastname`, `email`, `phone`, `created_at`, `updated_at`) VALUES (98, 'Berenice', 'Schinner', 'monahan.zoe@example.net', '041.369.1248x9645', '2008-11-10 02:02:14', '2009-04-24 01:57:47');
INSERT INTO `users` (`id`, `firstname`, `lastname`, `email`, `phone`, `created_at`, `updated_at`) VALUES (99, 'Hillard', 'McClure', 'abelardo34@example.org', '664-123-3839x1083', '2000-06-09 09:40:29', '2011-07-19 22:40:04');
INSERT INTO `users` (`id`, `firstname`, `lastname`, `email`, `phone`, `created_at`, `updated_at`) VALUES (100, 'Joshuah', 'Bergnaum', 'pmraz@example.net', '1-883-436-9718x11757', '1991-10-11 01:16:35', '1997-03-14 00:59:31');


